ip,host,url
216.47.75.159,mx1.teensagency.info,http://www.dreamstudioportal.com/preview/dolly/small/05.jpg
216.47.75.159,mx1.teensagency.info,http://www.dreamstudioportal.com/preview/dolly/small/05.jpg
207.58.159.2,sexycomic.com,http://www.actiongirls.com/actiongirls.com-soundtrack-sales-text.gif
203.162.2.86,static.vnpt.vn,http://www.tinthethao.com.vn/
199.48.5.212,columbiamidstream.org,http://www.nisource.com/
69.162.70.58,58-70-162-69.hostround.com,http://www.bibleencyclopedia.com/
208.111.161.254,cdn-208-111-161-254.iad.llnw.net,http://images.888.com/casino/site2/888-hp/sport_img.v4.gif
74.125.224.10,nuq04s18-in-f10.1e100.net,http://www.gmailblog.blogspot.com/
144.76.100.114,static.114.100.76.144.clients.your-server.de,http://www.favicon.cc/
192.254.186.166,georginas-online.com,http://www.jobzoom.com/main/dashboard/css/SqueezeBox.css
221.204.248.167,167.248.204.221.adsl-pool.sx.cn,http://static.rayfile.com/media/img/bg001.gif
88.81.155.249,pp-155-249.partypoker.com,http://p.iivt.com/js/ni.js
88.81.155.249,pp-155-249.partypoker.com,http://p.iivt.com/js/ni.js
88.81.155.249,pp-155-249.partypoker.com,http://p.iivt.com/js/ni.js
88.81.155.249,pp-155-249.partypoker.com,http://p.iivt.com/js/ni.js
88.81.155.249,pp-155-249.partypoker.com,http://p.iivt.com/js/ni.js
118.151.175.46,46.175.151.118.rev.iijgio.jp,http://www.cosmo-oil.co.jp/
188.165.13.11,ns61050.ovh.net,http://s2.supertoinette.com/css/img/top-bg.png
64.99.64.37,osrs.systemdns.com,http://www.adfunky.com/
208.122.196.219,plumpening.com,http://www.tgpmania.org/tgpx/thumbs/10671.jpg
5.144.129.195,5-144-129-195.static.hostiran.name,http://www.parsiblog.com/imgs/Design/Def/TopB.gif
113.36.35.51,113x36x35x51.ap113.ftth.ucom.ne.jp,http://www.chip.jp/pc/images/qr_blog_l.gif
209.126.123.23,static-ip-209-126-123-23.inaddr.ip-pool.com,http://www.lottostrategies.com/imgs_ls/YAdvanced.png
157.7.164.170,bq.ptr33.ptrcloud.net,http://buffalo.jp/images/h2-corp.gif
194.213.62.41,pl-web3.pl.mediainter.net,http://go.arbopl.bbelements.com/bb/bb_one2n.js?1246476100
119.81.55.26,1a.37.5177.ip4.static.sl-reverse.com,http://www.i-gamer.net/image/menu7.gif
216.70.100.246,new-kbf.com,http://www.kidsbowlfree.com/
43.253.140.102,host140-102.accelia.net,http://www.zakzak.co.jp/common/images/icon_camera.gif
69.64.147.249,ash.parking.local,http://www.findratesonline.com/
67.208.145.189,67-208-145-189.cncndc.net,http://www.kctcs.edu/
208.122.196.219,plumpening.com,http://www.tgpmania.org/logo2.png
198.58.102.145,li552-145.members.linode.com,http://airaim-cdn.com/style.css
167.114.64.149,ns508635.ip-167-114-64.net,http://www.moneymakergroup.com/jscripts/ips_menu.js
167.114.64.149,ns508635.ip-167-114-64.net,http://www.moneymakergroup.com/jscripts/ips_menu.js
142.4.218.201,ns506009.ip-142-4-218.net,http://www.builtwith.com/
164.44.64.195,vcbesq.com,http://www.chubb.com/common/images/Twitter-icon32.png
202.46.41.179,ptr.cnsat.com.cn,http://v.youku.com/crossdomain.xml
202.46.41.179,ptr.cnsat.com.cn,http://v.youku.com/crossdomain.xml
202.46.41.179,ptr.cnsat.com.cn,http://v.youku.com/crossdomain.xml
174.35.52.83,i28-h0-s4002.p9-jfk.cdngp.net,http://pad1.whstatic.com/skins/WikiHow/images/worldWide_globe.png
111.223.34.213,ppp-111.223.34.213.revip.proen.co.th,http://www.thaiseoboard.com/Themes/thaiseoboard_rev2009/css/header_dark.css
208.122.196.219,plumpening.com,http://www.tgpmania.org/tgpx/thumbs/10679.jpg
125.6.146.19,125-6-146-19.data-hotel.net,http://parts.blog.livedoor.jp/img/cmn/clip_16_12_b.gif
125.6.146.19,125-6-146-19.data-hotel.net,http://parts.blog.livedoor.jp/img/cmn/clip_16_12_b.gif
125.6.146.19,125-6-146-19.data-hotel.net,http://parts.blog.livedoor.jp/img/cmn/clip_16_12_b.gif
174.35.52.184,i1-h0-s4004.p9-jfk.cdngp.net,http://imgcache.qq.com/ac/www_tencent/zh-cn/images/menu/submenu/at/hover/menu-at-01.png
167.114.64.149,ns508635.ip-167-114-64.net,http://www.moneymakergroup.com/style_images/mmg_2/bar_home.png
167.114.64.149,ns508635.ip-167-114-64.net,http://www.moneymakergroup.com/style_images/mmg_2/bar_home.png
211.8.156.34,mwsvs6061.wni.co.jp,http://weathernews.jp/report/swf/report_sorauta_text.swf
203.130.54.4,203.130.54.4-bl-cnc,http://www.56.com/
75.126.50.199,c7.32.7e4b.ip4.static.sl-reverse.com,http://www.pirate4x4.com/images/v3menu/side-menuV3_11.gif
111.223.34.213,ppp-111.223.34.213.revip.proen.co.th,http://www.thaiseoboard.com/Themes/thaiseoboard_rev2009/js/jquery-toggle.js
184.168.192.92,p3nlhwst026.shr.prod.phx3.secureserver.net,http://www.theinmatelocator.com/images/links/444f432050617463686573-o.png
164.44.64.195,vcbesq.com,http://www.chubb.com/common/images/tn_lineas_personales-over.gif
72.52.142.199,host.anchorwebhost.com,http://www.ifb1000.com/button.php?id=789
174.35.52.184,i1-h0-s4004.p9-jfk.cdngp.net,http://imgcache.qq.com/ac/www_tencent/zh-cn/images/menu/submenu/search/ori/menu-sr-03.png
173.255.194.159,li204-159.members.linode.com,http://www.snipplr.com/js/dragdrop.js
5.9.55.152,static.152.55.9.5.clients.your-server.de,http://www.10neen.com/img/3.jpg
210.210.24.66,210-210-24-66.lan.sify.net,http://www.billdesk.com/images/lsecurity.gif
65.51.251.67,4133fb43.cst.lightpath.net,http://www.assurancewireless.com/App_Themes/Default/ToolTip.Default.css
90.156.152.7,vm460518.vps.masterhost.ru,http://fincake.ru/images/chart.swf
216.145.103.171,ip171.216.145.103.nas.net,http://www.bible.ca/
37.187.131.123,ns316739.ip-37-187-131.eu,http://www.liex.ru/liex_new_images/borderTopRight.png
50.22.188.71,47.bc.1632.ip4.static.sl-reverse.com,http://www.theweek.com/
69.73.181.7,hemlock.nocdirect.com,http://www.freetattoodesigns.org/images/free-tattoo-designs.png
74.85.224.199,tx2.tip-ex.com,http://static.abcteach.com/globals/images/tab_layout_free/abctools_tab/abctools_icons/crossword.png
138.91.0.30,waws-prod-kw1-001.cloudapp.net,http://www.bunshun.jp/images_new/cap_maga.jpg
65.182.186.180,nc.groundvc.com,http://www.theamazingwidget.com/images/cen_lef.gif
50.63.81.1,p3nlhg378c1378.shr.prod.phx3.secureserver.net,http://www.vanishingtattoo.com/css/images/index-line.jpg
67.228.31.220,dc.1f.e443.ip4.static.sl-reverse.com,http://img.spamarrest.com/img/public/home/steps.gif
66.11.12.210,s210.n12.n11.n66.static.ohio1.vcentercloud.com,http://www.articlecity.com/images/family.jpg
81.89.48.159,fiona.tmomedia.com,http://www.porn-w.org/
208.87.225.243,capricorn.zboxhosting.com,http://www.d21c.com/
211.8.156.34,mwsvs6061.wni.co.jp,http://weathernews.jp/images/background.gif
158.69.25.112,ns517044.ip-158-69-25.net,http://www.powerballlive.com/powerball/js/integrate/tinbupowerball.js
74.85.224.199,tx2.tip-ex.com,http://static.abcteach.com/globals/images/tab_layout_free/abctools_tab/abctools_icons/bingo.png
174.132.180.196,c4.b4.84ae.static.theplanet.com,http://www.soft82.com/images/stelute/st_18.gif
173.193.209.232,e8.d1.c1ad.ip4.static.sl-reverse.com,http://www.jsoftj.com/img.jsoftj/images/right_block_footer.png
91.121.209.196,ns364617.ip-91-121-209.eu,http://www.graphicshunt.com/homegraphics/cars.jpg
91.214.104.22,hralvmail02.sntcro.eu,http://www.jutarnji.hr/template/images/cb/borderBottomRight.png
85.13.143.135,dd24028.kasserver.com,http://www.wprobot.net/
107.6.16.15,ybee.mxout.godns.net,http://www.elforro.com/images/elforro/spriteforro.png
67.228.2.204,cc.02.e443.ip4.static.sl-reverse.com,http://www.empiritag.com/img/slider_up.gif
204.155.154.235,ns2.inxycdn.host,http://www.artnudegalleries.com/images/p19.jpg
108.168.152.61,3d.98.a86c.ip4.static.sl-reverse.com,http://www.listal.com/
184.168.69.139,ip-184-168-69-139.ip.secureserver.net,http://www.taurususa.com/images/bg.jpg
79.127.127.62,hosted-by.hostdl.com.asiatech.ir,http://www.98ia.com/wp-content/themes/98ia/images/arrow.gif
176.9.42.39,lnx1e.fairspot-intern.de,http://a.mouseflow.com/projects/048573b3-8add-45b5-b5c5-28554ce21119.js
5.79.97.51,hosted-by.dimofinf.net,http://www.arabwebtalk.com/images/awtnew/misc/navbg1.gif
207.66.182.23,vz22.videosz.com,http://www.vidddeos.com/images/flag_fr.gif
184.172.114.18,12.72.acb8.ip4.static.sl-reverse.com,http://www.runehq.com/image/icons/twitter_logo.png
67.228.181.146,92.b5.e443.ip4.static.sl-reverse.com,http://www.terrificpets.com/v3assets/v3_BreedJS.js
174.37.9.234,ea.09.25ae.ip4.static.sl-reverse.com,http://www.satisfaction.com/themes/v524/img/arrow.gif
78.140.172.238,v-4-kp16-d6379-238.webazilla.com,http://www.teenamite.com/images/bottom_18.jpg
195.154.98.66,gw.rightvision.com,http://www.renault.es/
74.117.178.90,c-b390-u0741-90.webazilla.com,http://www.4shared.com/
77.88.73.196,cc449584d.static.as2116.net,http://www.confirmit.com/
77.88.73.196,cc449584d.static.as2116.net,http://www.confirmit.com/
108.61.156.171,108.61.156.171.vultr.com,http://www.e46fanatics.com/images/social_callout.gif
185.18.205.182,182.205.interhost.co.il,http://www.farfesh.com/images/JP.gif
202.102.251.238,zz.163.ppp,http://yahoo1.beareyes.com.cn/2/cat/js/indextestleft
199.182.165.116,116.165.182.199.serverel.net,http://www.fetcj.com/images/menu_03.gif
74.206.97.167,ipoll.com,http://www.surveyhead.com/js/common.js
74.81.169.155,155.169.81.74.static.charlottecolo.com,http://www.adloader.com/Images/find_out_more.gif
67.223.104.15,15-104-223-67-static.prioritycolo.com,http://www.off-road.com/images/icons/btn_join.gif
46.45.157.28,server-46.45.157.28.as42926.net,http://www.gamyun.net/images/img_bilardo.gif
54.236.192.188,wwe.com,http://www.wweshop.com/
205.234.175.175,vip1.g-anycast1.cachefly.net,http://static.fmpub.net/zone/274
205.234.175.175,vip1.g-anycast1.cachefly.net,http://static.fmpub.net/zone/274
209.104.5.211,locris.desert.net,http://clatl.com/images/headers/arts-entertainment.gif
50.22.58.55,37.3a.1632.ip4.static.sl-reverse.com,http://games.playfin.com/cms/cmsimages/junk/footer/crabisland.png
109.235.251.69,host-109-235-251-69.routergate.com,http://www.diziizle.net/resimler/baslik_orta.gif
68.65.123.250,mit.lk,http://freakshare.net/images/dd_arrow.gif
68.65.123.250,mit.lk,http://freakshare.net/images/dd_arrow.gif
68.65.123.250,mit.lk,http://freakshare.net/images/dd_arrow.gif
68.65.123.250,mit.lk,http://freakshare.net/images/dd_arrow.gif
68.65.123.250,mit.lk,http://freakshare.net/images/dd_arrow.gif
68.65.123.250,mit.lk,http://freakshare.net/images/dd_arrow.gif
68.65.123.250,mit.lk,http://freakshare.net/images/dd_arrow.gif
68.65.123.250,mit.lk,http://freakshare.net/images/dd_arrow.gif
188.40.70.27,static.27.70.40.188.clients.your-server.de,http://www.nic.de.vu/us/images/flags/se.gif
98.139.135.198,unknown-98-139-135-x.yahoo.com,http://www.thedogpaddler.com/sitebuilder/images/dogpaddlerYahoo_navbar-3-inactive-22577.png
78.140.130.69,v-2-dl27-d846-69.webazilla.com,http://www.herehomemade.tv/t/090812/4c5333cf66.jpg
138.91.0.30,waws-prod-kw1-001.cloudapp.net,http://www.bunshun.jp/common/img/navigation/menu06.gif
199.204.46.59,hollin.notebookswap.com,http://www.genieknows.com/wp-content/themes/GenieKnows/images/text-over.gif
174.36.145.211,d3.91.24ae.ip4.static.sl-reverse.com,http://www.placelocalqa.com/images/default/logo.gif
80.86.184.242,www99.dmk-internet.com,http://www.superclix.de/images/bg-programme.gif
97.79.236.60,gvo23660.gvodatacenter.com,http://www.hotconference.com/images/body_madness_13.gif
211.8.156.34,mwsvs6061.wni.co.jp,http://weathernews.jp/framework/current/mws_standard_controller_2.swf
188.138.11.89,titan193.startdedicated.net,http://www.tvquran.com/phtm/add.htm
103.224.182.253,lb-182-253.above.com,http://www.quicksilverscreen.com/
185.27.237.81,no-reverse-yet.3winfra.com,http://www.myvido1.com/lib/jquery-1.4.2.min.js
192.95.29.125,ns505077.ip-192-95-29.net,http://www.spiritus-temporis.com/i/winter/winter.jpg
216.47.75.159,mx1.teensagency.info,http://www.dreamstudioportal.com/preview/menu.html
216.47.75.159,mx1.teensagency.info,http://www.dreamstudioportal.com/preview/menu.html
149.173.160.8,assets-f5.unx.sas.com,http://www.picosearch.com/
54.213.107.248,host1.passionup.com,http://www.gofree.com/birdimages/SearchTop.gif
199.20.64.195,www.njsart.org,http://www.state.nj.us/nj/images/include_images/bg_home_bar.gif
199.20.64.195,www.njsart.org,http://www.state.nj.us/nj/images/include_images/bg_home_bar.gif
85.92.144.15,srv315.flexwebhosting.nl,http://www.toolator.com/
82.150.225.116,www.tn.amadeus.com,http://www.e-travel.com/
185.63.188.35,r-b.ru,http://medianet.rin.ru/bodyadv.js
66.11.12.210,s210.n12.n11.n66.static.ohio1.vcentercloud.com,http://www.articlecity.com/images/travel_and_leisure.jpg
8.23.224.108,freedns.no-ip.com,http://www.sytes.net/
160.153.72.162,ip-160-153-72-162.ip.secureserver.net,http://www.recipegoldmine.com/
91.121.209.196,ns364617.ip-91-121-209.eu,http://www.graphicshunt.com/img/sideTop.gif
46.45.157.28,server-46.45.157.28.as42926.net,http://www.gamyun.net/images/text_999.gif
69.50.134.81,stream.pornstarplatinum.com,http://media.fukks.com:81/thumbs/1810124friday/1810124friday-5.jpg
85.204.22.21,ohpop.youmerce.net,http://www.famouswhy.com/pictures/regions/holidaying_in_god_s_own_country__kerala_thumb_small.jpg
207.226.167.153,207-226-167-153.static.pccwglobal.net,http://thumbs6.livegranny.com/flmimg/b1.jpg
37.220.12.242,h37-220-12-242.host.redstation.co.uk,http://www.mekshat.com/
151.80.21.28,ns3008156.ip-151-80-21.eu,http://i.torrenty.org/themes/default/images/naglowek_500.gif
119.81.55.26,1a.37.5177.ip4.static.sl-reverse.com,http://www.i-gamer.net/image/menu1.1.gif
208.111.179.203,https-208-111-179-203.sea.llnw.net,http://images.images4us.com/888casino/en/dotted_line.gif
94.23.91.88,ip88.ip-94-23-91.eu,http://www.tekstowo.pl/static/images/zarowka.gif
5.79.72.139,mx63.antispamcloud.com,http://www.baixedetudo.net/
173.236.71.165,node01.tmddedicated606.com,http://www.coolestone.com/images/icons/ajax_loading.gif
185.85.238.155,155-164.86.185.ip.idealhosting.net.tr,http://ad.hizlireklam.com/default.css
184.168.221.34,ip-184-168-221-34.ip.secureserver.net,http://www.onlymature.info/
174.35.52.184,i1-h0-s4004.p9-jfk.cdngp.net,http://imgcache.qq.com/ac/www_tencent/zh-cn/images/menu/submenu/at/ori/menu-at-03.png
77.247.178.172,mail.urlcash.com,http://www.urlgalleries.net/img/logo_bg_new.jpg
173.255.194.159,li204-159.members.linode.com,http://www.snipplr.com/img/stripe-blue.png
219.94.252.119,www2105uf.sakura.ne.jp,http://www.vid-dl.net/common/js/lib/jquery-jtemplates.js
184.168.69.139,ip-184-168-69-139.ip.secureserver.net,http://www.taurususa.com/css/style.css
173.193.180.35,23.b4.c1ad.ip4.static.sl-reverse.com,http://www.chevelles.com/forums/olp/images/buttons/collapse_tcat.gif
66.6.101.198,ip198.new.lh.net,http://www.universaluclick.com/images/site/icon_news_paper.jpg
66.6.101.198,ip198.new.lh.net,http://www.universaluclick.com/images/site/icon_news_paper.jpg
194.67.128.198,media-grupp-butlerova.rmt.ru,http://www.thg.ru/images/ttl_boxs/var04.gif
58.5.155.204,58x5x155x204.ap58.ftth.ucom.ne.jp,http://www.1999.co.jp/images/news_ic.gif
213.200.112.198,et-3-3-0.cr4-mad4.ip4.gtt.net,http://www.premiumproductsonline.com/
65.182.211.218,sls001.sdf.hosting.com,http://www.americasbestvalueinn.com/common/img/icon-TP-A.jpg
94.198.62.121,bcs2-ww001-https-vip.unbelievable-machine.net,http://www.motor-talk.de/
208.113.57.104,104.57.113.208.static.addr.dsl4u.ca,http://www.wdxcyber.com/images/css/styles.css
176.31.232.38,ns226737.ovh.net,http://www.maxifoot.fr/0_images/fleche_menuc.gif
208.91.60.6,ellingtoncms.com,http://www.ljworld.com/
58.80.21.139,58x80x21x139.ap58.ftth.ucom.ne.jp,http://hug2.biz/img/content_title_left.png
72.29.71.251,server.serenehost.com,http://www.iwebtool.com/account/imgs/brandfree_tools.gif
50.62.146.26,ip-50-62-146-26.ip.secureserver.net,http://www.txt2day.com/images/bluetop.gif
5.187.1.122,dsde448-2.fornex.org,http://www.yaplakal.com/html/jquery.cookie.js
216.240.137.172,streaming.greentooth.net,http://www.rense.com/1.mpicons/newmorgpicsm.jpg
5.9.55.152,static.152.55.9.5.clients.your-server.de,http://www.10neen.com/cat/5.gif
162.252.87.118,162-252-87-118.static.hvvc.us,http://photography-on-the.net/
69.16.175.10,hwcdn.net,http://assetfiles.com/fucd.com/images/logobg.jpg
66.115.174.179,triplejm-1.nationalnet.com,http://www.dreamgirlscash.com/images/affiliates/dg_03.jpg
148.251.255.26,static.26.255.251.148.clients.your-server.de,http://www.download32.com/resources/_windows.jpg
216.105.43.154,lwdc.ar06.gi10-24.host9.23601.americanis.net,http://www.wirefly.com/
88.87.219.56,56.grupogodo.com,http://www.lavanguardia.es/
184.168.192.47,ip-184-168-192-47.ip.secureserver.net,http://www.myfreewallpapers.net/images/bgs/bg_botoes.png
85.158.254.111,web03.ddwebdesign.nl,http://www.masterwanker.com/afb/stippel.gif
98.136.241.156,phtml1.store.vip.gq1.yahoo.com,http://www.us-appliance.com/
208.42.232.133,208-42-232-133.static.data393.net,http://dealofday.com/wp-content/themes/DealofDay_com/style.css
97.79.236.60,gvo23660.gvodatacenter.com,http://www.hotconference.com/images/pointline_02.gif
85.25.234.252,vm2010845.psmanaged.com,http://www.motorsport-total.com/i/vlgv.gif
210.226.37.129,210-226-37-129.df.nttcomcloud.com,http://www.hd.jx-group.co.jp/english/common/css/reset.css
222.255.27.87,static.vnpt.vn,http://admicro1.vcmedia.vn/ads_codes/ads_box_346.ads
67.228.16.66,42.10.e443.ip4.static.sl-reverse.com,http://www.keywordspy.com/images2/home/tracking_tab/begin.jpg
94.31.29.190,94.31.29.190.ipyx-077437-zyo.above.net,http://cdn.attracta.com/badge/img/115374/2.png
74.113.237.180,74.113.237.180.lv.iaccap.com,http://www.popularscreensavers.com/
144.76.100.114,static.114.100.76.144.clients.your-server.de,http://www.favicon.cc/images/rounded_corners/top.png
203.130.54.26,203.130.54.26-bj-cnc,http://www.kdnet.net/g_images/footer_icp.gif
108.61.143.52,hosted-by.reliablesite.net,http://www.seekasong.com/images/title_3_c4.gif
198.1.103.142,198-1-103-142.unifiedlayer.com,http://www.theinterviewwithgod.com/images/home3.jpg
37.72.170.35,35.170.72.37.static.swiftway.net,http://img4.imagetwist.com/th/00106/hdp2ohig2x0z.jpg
216.47.75.159,mx1.teensagency.info,http://www.dreamstudioportal.com/preview/katia/small/09.jpg
216.47.75.159,mx1.teensagency.info,http://www.dreamstudioportal.com/preview/katia/small/09.jpg
66.6.101.198,ip198.new.lh.net,http://www.universaluclick.com/images/site/slider_left_arrow.jpg
85.214.216.68,lottowunder.com,http://www.joomlaos.de/components/com_remository/images/download_trans.gif
66.6.101.198,ip198.new.lh.net,http://www.universaluclick.com/images/site/slider_left_arrow.jpg
93.184.70.29,michelle.tmomedia.com,http://www.hornywhores.net/wp-content/themes/gray-wolf-edited/images/searchgo.png
93.184.70.29,michelle.tmomedia.com,http://www.hornywhores.net/wp-content/themes/gray-wolf-edited/images/searchgo.png
216.152.108.64,legacy.allegisgroup.com.int.allegisgroup.com,http://www.thingamajob.com/styles/DefaultStyle.css
92.240.237.134,134.237.240.92.in-addr.arpa.lightstorm.sk,http://www.top4download.com/templates/T4D/images/log.png
208.68.93.82,internetpipeline.customer.spdnetwork.net,http://www.cardiovasculardiseases.org/images/bg_foot_right.gif
67.203.3.82,67.203.3.82.rdns.colocationamerica.com,http://www.ygoy.com/
216.139.226.104,216-139-226-104.aus.us.siteprotect.com,http://www.24-7pressrelease.com/
91.121.78.203,ns352067.ovh.net,http://www.geovisite.com/deco/template01/index_menu.png
173.255.208.104,sagan.satanpowered.com,http://www.onemorelevel.com/images/rpg.gif
199.182.104.4,cs2771.mojohost.com,http://www.skinnyandyoung.com/st/thumbs/722/z9rcWiKRRu.jpg
69.65.53.145,ip-69.65.53.145.hosted.by.gigenet.com,http://www.glitter-graphics.com/images/categories/Seasonal.gif
62.210.188.84,62-210-188-84.rev.poneytelecom.eu,http://www.italiansubs.net/varie/loghino3.png
184.172.2.126,7e.02.acb8.ip4.static.sl-reverse.com,http://www.orbitdownloader.com/jquery-1.3.2.min.js
207.178.0.72,naiadsystems.com,http://m2.nsimg.net/thumb/178x134/2/2/6/2262489.jpg
69.16.175.10,hwcdn.net,http://media.younewstv.com/designimages/yn-national-lightbox-logo.png
217.147.94.53,is-30831.houle.co.uk,http://www.weblo.com/images/trans.gif
128.127.105.215,swe-net-ip.as51430.net,http://www.movshare.net/
216.115.100.103,unknown-216-115-100-x.yahoo.com,http://l.yimg.com/a/i/rt/y20_1.jpg
216.115.100.103,unknown-216-115-100-x.yahoo.com,http://l.yimg.com/a/i/rt/y20_1.jpg
199.182.104.4,cs2771.mojohost.com,http://www.skinnyandyoung.com/
86.110.226.50,ibm1.websys.sk,http://www.windows7download.com/templates/w7d/images/sep.png
184.173.119.120,78.77.adb8.ip4.static.sl-reverse.com,http://www.submitsecurity.com/images/logo.jpg
50.28.36.201,host.neonbiccom.com,http://www.thatguywiththeglasses.com/
203.174.72.228,203-174-72-228.data-hotel.net,http://www.dietnavi.com/
192.0.79.32,wordpress.com,http://www.bustedcoverage.com/
72.55.186.15,s012.panelboxmanager.com,http://www.oldielyrics.com/bookmark.js
188.138.11.89,titan193.startdedicated.net,http://www.tvquran.com/elan/sunna.jpg
148.251.129.112,static.112.129.251.148.clients.your-server.de,http://www.fulltono.com/
173.193.14.202,ca.0e.c1ad.ip4.static.sl-reverse.com,http://mee.nu/style/word/white/mee.nu.png
173.193.14.202,ca.0e.c1ad.ip4.static.sl-reverse.com,http://mee.nu/style/word/white/mee.nu.png
208.122.196.219,plumpening.com,http://www.tgpmania.org/tgpx/thumbs/10663.jpg
188.165.13.11,ns61050.ovh.net,http://s3.supertoinette.com/css/img/footer-bg.gif
217.112.147.57,217.112.156.57.dub1.gvnx.net,http://www.irishtimes.com/
67.212.163.154,server17.jrzhuji.com,http://www.mydamnchannel.com/
195.178.5.51,195.178.5.51.static.itasltd.com,http://www.amateurniches.com/img/stockings.jpg
173.193.209.232,e8.d1.c1ad.ip4.static.sl-reverse.com,http://www.jsoftj.com/img.jsoftj/images/right_advert_1.png
88.212.202.71,71-202-212-88.host.exepto.ru,http://www.rzonline.ru/img/middle/lb.png
109.236.87.234,customer.worldstream.nl,http://www.filetransit.com/resources/gblnav_left.gif
162.217.198.29,sandiego.ar01.host28.scalematrix.net,http://eventful.com/
162.217.198.29,sandiego.ar01.host28.scalematrix.net,http://eventful.com/
74.206.175.177,mail.spunkycash.com,http://www.shylajennings.com/images/index_07.jpg
70.85.151.98,62.97.5546.static.theplanet.com,http://g.silverdaddies.com/gfx/gallery.gif
58.80.21.139,58x80x21x139.ap58.ftth.ucom.ne.jp,http://hug2.biz/img/list_bottom_line.gif
212.27.48.10,www.free.fr,http://www.aliceadsl.fr/
208.75.210.198,server198.210.75.208.in-addr.arpa,http://www.webshoppinghelper.com/flash/marquee.swf
202.144.225.36,cloud-isle.jp,http://www.m-pe.tv/img/catch/top_catch1.gif
87.98.148.253,ip253.ip-87-98-148.eu,http://www.ncore.cc/
173.193.209.232,e8.d1.c1ad.ip4.static.sl-reverse.com,http://www.jsoftj.com/img.jsoftj/skin/simpletreemenu.css
173.193.209.232,e8.d1.c1ad.ip4.static.sl-reverse.com,http://www.jsoftj.com/img.jsoftj/skin/simpletreemenu.css
72.55.186.15,s012.panelboxmanager.com,http://www.oldielyrics.com/ad_rect_right1_az.js
216.47.75.159,mx1.teensagency.info,http://www.dreamstudioportal.com/preview/mouse/small/09.jpg
216.47.75.159,mx1.teensagency.info,http://www.dreamstudioportal.com/preview/mouse/small/09.jpg
134.159.210.120,unknown.telstraglobal.net,http://img.uu1001.cn/materials/original/2010-09-01/17-56/6fb0a0122b0efe42f4defff3cb2d4d0834db905e.swf
134.159.210.110,unknown.telstraglobal.net,http://img.uu1001.cn/materials/original/2010-09-01/17-56/6fb0a0122b0efe42f4defff3cb2d4d0834db905e.swf
67.195.61.46,unknown-67-195-61-x.yahoo.com,http://www.myinmatelocator.com/sitebuilder/images/Home-26-inactive-15199.png
78.46.40.87,static.87.40.46.78.clients.your-server.de,http://www.emule-project.net/home/perl/general.cgi?l=1
216.55.187.119,216-55-187-119.dedicated.codero.net,http://www.usseek.com/
78.140.172.238,v-4-kp16-d6379-238.webazilla.com,http://www.teenamite.com/images/tour_14.jpg
98.138.19.143,unknown-98-138-19-x.yahoo.com,http://www.biggeekdaddy.com/images/Lawnmower_DUI3.jpg
194.145.209.127,server2.megacopy.be,http://x-cornerz.com/wp-content/themes/xcornerz3/scripts/x_tabs.js
173.192.24.230,e6.18.c0ad.ip4.static.sl-reverse.com,http://www.androidforums.com/
37.187.131.123,ns316739.ip-37-187-131.eu,http://www.liex.ru/liex_new_images/b_bc.gif
5.153.35.218,da.23.9905.ip4.static.sl-reverse.com,http://www.shobiklobik.com/images/style/blue/slice13.jpg
219.94.252.119,www2105uf.sakura.ne.jp,http://www.vid-dl.net/css/layout.css?3
118.151.161.79,79.161.151.118.rev.iijgio.jp,http://www.kirinholdings.co.jp/share/images/header_bg_01.gif
69.64.93.7,69-64-93-7.dedicated.codero.net,http://www.absoluteastronomy.com/images/sections/home/cellback.gif
108.175.151.116,108.175.151.116-static.reverse.mysitehosted.com,http://www.diyrepairmanuals.com/ICONS/facebook.png
162.251.108.41,hs0030.hostiserver.com,http://gfs4free.com/free/watchmygf/pics/168-horny-sweet-teens-naked-on-camera/thumb/135x180.jpg
91.214.239.43,ip-91-214-239-43.gadu-gadu.pl,http://www.fora.pl/content/pl/mainPage.css
63.233.60.22,63-233-60-22.dia.static.qwest.net,http://www.mtv.com/
75.126.99.228,e4.63.7e4b.ip4.static.sl-reverse.com,http://hardforum.com/images/misc/navbits_start.gif
65.55.39.10,xnacreators.net,http://www.mappoint.net/
174.132.121.239,ef.79.84ae.static.theplanet.com,http://www.templateworld.com/admin/item_image/th20091104114029dark-sol.jpg
69.164.195.54,li110-54.members.linode.com,http://www.windowsclear.com/images/blank.gif
108.168.211.87,57.d3.a86c.ip4.static.sl-reverse.com,http://www.jeepforum.com/index/images/clubs.gif
216.47.75.159,mx1.teensagency.info,http://www.dreamstudioportal.com/preview/merry/small/02.jpg
216.47.75.159,mx1.teensagency.info,http://www.dreamstudioportal.com/preview/merry/small/02.jpg
69.164.201.57,li115-57.members.linode.com,http://www.vccs.edu/
74.208.47.41,mail403435756.mywebspace.zone,http://www.freewebarcade.com/game/bubble-struggle-2/thumb.gif
50.23.131.235,eb.83.1732.ip4.static.sl-reverse.com,http://widgets.amung.us/mappoints/star-yellow.png
192.0.79.33,wordpress.com,http://tvbythenumbers.zap2it.com/
37.72.170.38,38.170.72.37.static.swiftway.net,http://imagetwist.com/jquery.easing.1.3.js
60.30.119.168,no-data,http://www.tianjinwe.com/images/nav_bg.jpg
173.192.200.70,46.c8.c0ad.ip4.static.sl-reverse.com,http://widgets.amung.us/mappoints/star-yellow.png
173.192.200.70,46.c8.c0ad.ip4.static.sl-reverse.com,http://widgets.amung.us/mappoints/star-yellow.png
50.23.131.235,eb.83.1732.ip4.static.sl-reverse.com,http://widgets.amung.us/mappoints/star-yellow.png
50.23.131.235,eb.83.1732.ip4.static.sl-reverse.com,http://widgets.amung.us/mappoints/star-yellow.png
50.23.131.235,eb.83.1732.ip4.static.sl-reverse.com,http://widgets.amung.us/mappoints/star-yellow.png
62.36.20.55,www.legal.orange.es,http://www.ya.com/
216.146.46.10,redirector1.dynect.net,http://www.chip.eu/
69.64.67.17,69-64-67-17.dedicated.codero.net,http://www.honesteonline.com/images/HEO_LogoRct5.jpg
69.64.67.17,69-64-67-17.dedicated.codero.net,http://www.honesteonline.com/images/HEO_LogoRct5.jpg
69.64.67.17,69-64-67-17.dedicated.codero.net,http://www.honesteonline.com/images/HEO_LogoRct5.jpg
69.64.67.17,69-64-67-17.dedicated.codero.net,http://www.honesteonline.com/images/HEO_LogoRct5.jpg
69.64.67.17,69-64-67-17.dedicated.codero.net,http://www.honesteonline.com/images/HEO_LogoRct5.jpg
69.64.67.17,69-64-67-17.dedicated.codero.net,http://www.honesteonline.com/images/HEO_LogoRct5.jpg
69.64.67.17,69-64-67-17.dedicated.codero.net,http://www.honesteonline.com/images/HEO_LogoRct5.jpg
69.64.67.17,69-64-67-17.dedicated.codero.net,http://www.honesteonline.com/images/HEO_LogoRct5.jpg
69.64.67.17,69-64-67-17.dedicated.codero.net,http://www.honesteonline.com/images/HEO_LogoRct5.jpg
69.64.67.17,69-64-67-17.dedicated.codero.net,http://www.honesteonline.com/images/HEO_LogoRct5.jpg
69.64.67.17,69-64-67-17.dedicated.codero.net,http://www.honesteonline.com/images/HEO_LogoRct5.jpg
69.64.67.17,69-64-67-17.dedicated.codero.net,http://www.honesteonline.com/images/HEO_LogoRct5.jpg
199.204.46.59,hollin.notebookswap.com,http://www.genieknows.com/wp-content/themes/GenieKnows/images/bg-body.jpg
76.73.48.186,,http://media1.thegamehomepage.com/images/avalanche.gif
78.159.198.75,host-78-159-198-75.ip.retelit.it,http://www.dindomx.com/common/css/topbar_New.css
216.158.76.82,216-158-76-82.static.webnx.com,http://www.pingler.com/
37.60.231.228,c13290.sgvps.net,http://www.goingoutside.com/barlogofrontpage2006.gif
43.253.140.102,host140-102.accelia.net,http://www.zakzak.co.jp/common20100927/images/logo_fbi.gif
108.168.211.87,57.d3.a86c.ip4.static.sl-reverse.com,http://www.jeepforum.com/index/images/blogs_background.gif
164.44.64.195,vcbesq.com,http://www.chubb.com/common/images/tn_lineas_personales.gif
50.115.19.28,28-19-115-50.tpa.kgix.net,http://www.pchell.com/images/pchell.jpg
158.85.237.36,24.ed.559e.ip4.static.sl-reverse.com,http://www.primarygames.com/images/rss.png
64.13.147.228,mail.inflection.com,http://recordsproject.com/images/icons/genealogy-records.png
184.168.192.92,p3nlhwst026.shr.prod.phx3.secureserver.net,http://www.theinmatelocator.com/images/links/52686f64652049736c616e64.png
184.105.182.100,ctyme.com,http://www.bartcop.com/bc-rtbar-links3.gif
218.29.186.68,hn.kd.ny.adsl,http://www.dedecms.com/img/u_titlei_right.gif
138.91.0.30,waws-prod-kw1-001.cloudapp.net,http://www.bunshun.jp/common/img/header_navigation_bg.gif
192.185.5.16,ns8057.hostgator.com,http://www.ebookspdf.com/
66.240.200.83,centos520083.aspadmin.net,http://realclearpolitics.com/images/container_bg.gif
78.140.172.237,v-4-kp17-d4265-237.webazilla.com,http://www.spunkybee.com/images/index_21.jpg
66.240.200.83,centos520083.aspadmin.net,http://realclearpolitics.com/images/container_bg.gif
209.114.38.238,209-114-38-238.static.cloud-ips.com,http://www.4teachers.org/graphics/persuade.jpg
66.240.200.83,centos520083.aspadmin.net,http://realclearpolitics.com/images/container_bg.gif
24.234.169.80,wsip-24-234-169-80.lv.lv.cox.net,http://www.tripres.com/images/home/quickJump.gif
66.240.200.83,centos520083.aspadmin.net,http://realclearpolitics.com/images/container_bg.gif
118.151.161.79,79.161.151.118.rev.iijgio.jp,http://www.kirinholdings.co.jp/share/images/footer_gnav_10.gif
136.179.1.141,cust-136.179.1.141.switchnap.com,http://www.coolrunning.com/engine/bmMainNav.js
49.212.65.216,216.65.212.49.static.www2888m.sakura.ne.jp,http://www2.koro-pokemon.com/img1/b202g.jpg
188.227.183.140,140-183-227-188.rackcentre.redstation.net.uk,http://www.aussieamateurgirls.com/images/1w_04.jpg
5.153.35.218,da.23.9905.ip4.static.sl-reverse.com,http://www.shobiklobik.com/admin/css/brown.css
5.9.55.152,static.152.55.9.5.clients.your-server.de,http://www.10neen.com/aflam/img/4beded269f9cf3587164beded269fdb5.gif.jpeg
108.168.211.87,57.d3.a86c.ip4.static.sl-reverse.com,http://www.jeepforum.com/images/template/background.gif
67.228.16.66,42.10.e443.ip4.static.sl-reverse.com,http://www.keywordspy.com/themes/default/images/logo.jpg
185.85.238.155,155-164.86.185.ip.idealhosting.net.tr,http://ad.hizlireklam.com/images/ne.gif
69.59.28.9,9.28.59.69.static.charlottecolo.com,http://www.buxr.com/sf/prototype/js/prototype.js
63.234.30.121,63-234-30-121.dia.static.qwest.net,http://www.landolakesinc.com/stellent/groups/public/@lolinc/documents/web_content/ecmd2-0016384.jpg
184.168.192.92,p3nlhwst026.shr.prod.phx3.secureserver.net,http://www.theinmatelocator.com/images/links/486f6d652050616765-o.png
206.16.212.39,id.vprod.cdc.nicusa.com,http://www.idaho.gov/
184.173.132.18,12.84.adb8.ip4.static.sl-reverse.com,http://forums.3roos.com/aroos/pink.png
5.153.35.218,da.23.9905.ip4.static.sl-reverse.com,http://www.shobiklobik.com/main/images/style/blue/news_title_101.jpg
75.126.6.170,aa.06.7e4b.ip4.static.sl-reverse.com,http://www.freegames.ws/games/flash_games/starship/starship50b.gif
198.1.83.244,server.videodirectory16.info,http://www.iframes.us/images/increase-revenue.gif
74.208.144.227,nycfavorites.com,http://www.tattoomatch.com/tattoomatch_html/tattoomatch_html/images/arm_icon.gif
169.54.250.228,e4.fa.36a9.ip4.static.sl-reverse.com,http://www.mostfungames.com/images/super-mario-moto-sml.gif
157.7.164.170,bq.ptr33.ptrcloud.net,http://buffalo.jp/common/css/linkcolor.css
70.85.46.226,e2.2e.5546.static.theplanet.com,http://www.electriqueboutique.com/images/b_go_hm.gif
216.47.75.159,mx1.teensagency.info,http://www.dreamstudioportal.com/images/panther.jpg
216.47.75.159,mx1.teensagency.info,http://www.dreamstudioportal.com/images/panther.jpg
5.9.55.152,static.152.55.9.5.clients.your-server.de,http://www.10neen.com/up/uploads/366d7d56c0.gif
209.104.5.211,locris.desert.net,http://www.clatl.com/
98.139.135.128,p11pn-i.geo.vip.bf1.yahoo.com,http://www.native-languages.org/oldbook.gif
45.79.96.92,li1195-92.members.linode.com,http://www.xbox360cheats.com/
79.127.127.62,hosted-by.hostdl.com.asiatech.ir,http://www.98ia.com/wp-content/themes/98ia/script.js
213.133.113.160,213-133-113-160.clients.your-server.de,http://www.bleachexile.com/templates/v4/screen.css
63.251.141.228,www.sage-systems.com,http://www.masslottery.com/img/bg/content/stories.gif
174.36.49.156,9c.31.24ae.ip4.static.sl-reverse.com,http://www.findlocalweather.com/images/middleeast.gif
188.138.57.68,loft11048.dedicatedpanel.com,http://www.alquds.co.uk/
67.228.16.66,42.10.e443.ip4.static.sl-reverse.com,http://www.keywordspy.com/images2/home/keyresearch_tab/howie.jpg
89.108.111.48,unknown-5567.agava.net,http://www.gotovim.ru/imgs/bg_search_2.gif
198.1.117.246,198-1-117-246.unifiedlayer.com,http://www.registrydefense.com/images/regdefense_couple.jpg
207.178.0.75,naiadsystems.com,http://m1.nsimg.net/2.0/skin/4tm/images/20100330/bg-userbox-right.png
209.250.23.36,209-250-23-36.convergentaz.net,http://www.avitop.com/image/mig.gif
91.121.168.110,ns361447.ip-91-121-168.eu,http://static.zbiornik.com/images/tt_pointerT.gif
208.167.225.104,208.167.225.104.choopa.net,http://www.pmates.com/images/trade/trade_120x120_7.jpg
66.115.174.179,triplejm-1.nationalnet.com,http://www.dreamgirlscash.com/images/affiliates/sites_home_32.gif
85.214.78.232,8bit.studio,http://img.skins.be/img/icons/rss.gif
66.115.174.179,triplejm-1.nationalnet.com,http://www.dreamgirlscash.com/images/affiliates/sites_home_24.gif
96.126.111.254,li368-254.members.linode.com,http://www.euroresidentes.com/img_euroresi09/salud.jpg
185.27.237.81,no-reverse-yet.3winfra.com,http://www.myvido1.com/images/de.png
69.73.181.7,hemlock.nocdirect.com,http://www.freetattoodesigns.org/images/free-tattoo-designs.jpg
199.182.104.4,cs2771.mojohost.com,http://www.skinnyandyoung.com/st/thumbs/078/V7UvwJvp4S.jpg
50.87.221.56,50-87-221-56.unifiedlayer.com,http://www.links2love.com/
109.202.99.44,hosted-by.instantdedicated.com,http://www.alabout.com/
66.96.146.79,79.146.96.66.static.eigbox.net,http://www.hitpro.us/logo_ccMC.gif
202.208.197.54,c536.nlrs.jp,http://www.ie6update.com/
75.126.6.170,aa.06.7e4b.ip4.static.sl-reverse.com,http://www.freegames.ws/games/flash_games/helicopter_game/copter1.gif
85.17.24.140,server936.seedhost.eu,http://www.videohelp.com/
50.31.225.93,unknown.servercentral.net,http://www.reelmovienews.com/
208.42.232.133,208-42-232-133.static.data393.net,http://dealofday.com/wp-content/themes/DealofDay_com/img/plus.png
72.29.71.251,server.serenehost.com,http://www.iwebtool.com/images/thumbico.gif
199.83.131.74,199.83.131.74.ip.incapdns.net,http://www.camdough.com/images/default/logo.png
62.210.115.140,vipgroup.dk,http://www.webmoney.ru/
50.22.50.110,6e.32.1632.ip4.static.sl-reverse.com,http://www.trusearch.net/
157.7.164.170,bq.ptr33.ptrcloud.net,http://buffalo.jp/images/button-font_resize_large.gif
185.22.222.168,up-wi-lb.wavecloud.de,http://www.wurzelimperium.de/
185.63.188.35,r-b.ru,http://www.rin.ru/images/enjoy1.jpg
192.69.192.210,192-69-192-210.static.webnx.com,http://www.wikimapia.org/
96.126.111.254,li368-254.members.linode.com,http://www.euroresidentes.com/calendario/tv/imagenes/telecincox.png
173.255.235.196,li245-196.members.linode.com,http://www.articlebiz.com/img/md_section.gif
94.23.91.88,ip88.ip-94-23-91.eu,http://www.tekstowo.pl/static/images/icon_plus.png
91.121.155.221,ns320793.ip-91-121-155.eu,http://www.123love.fr/images/btn_ok.gif
94.182.141.107,94-182-141-107.shatel.ir,http://software.vatandownload.com/images/sidebar-links.jpg
204.116.47.71,ns2.net.state.sc.us,http://www.sceducationlottery.com/images/slices/newmenu/menu_faq_over.jpg
174.137.61.83,174.137.61.83.16clouds.com,http://www.joyofbaking.com/images/applepie100.jpg
192.95.21.50,ip50.ip-192-95-21.net,http://www.mobileheart.com/images/bgfooter.gif
188.40.70.27,static.27.70.40.188.clients.your-server.de,http://www.de.vu/
94.23.167.13,mail10.consumersclub24.com,http://www.jdownloader.org/lib/plugins/indexmenu/indexmenu.js
69.64.93.7,69-64-93-7.dedicated.codero.net,http://www.absoluteastronomy.com/images/thumbs/tiger.gif
125.6.190.6,125-6-190-6.data-hotel.net,http://www.hiroburo.com/settings/header.js
212.77.100.83,rd.wp.pl,http://www.teleshow.pl/
78.140.172.237,v-4-kp17-d4265-237.webazilla.com,http://www.spunkybee.com/images/index_23.jpg
208.88.75.159,static-ip-208-88-75-159.net-208-88-75-0.rdns.managed.com,http://www.viewpoint.com/
199.83.131.38,199.83.131.38.ip.incapdns.net,http://www.hothardware.com/
216.47.75.159,mx1.teensagency.info,http://www.dreamstudioportal.com/preview/angel/small/07.jpg
216.47.75.159,mx1.teensagency.info,http://www.dreamstudioportal.com/preview/angel/small/07.jpg
72.29.71.251,server.serenehost.com,http://www.iwebtool.com/tpls/style.css
207.58.159.2,sexycomic.com,http://www.actiongirls.com/actiongirls.com-text-one-membership.gif
184.173.22.144,mx1.deployer.email,http://www.g9g.com/images/header1_02.jpg
67.228.216.36,24.d8.e443.ip4.static.sl-reverse.com,http://www.bitrhymes.co.in/
212.224.118.226,kvmde61-14981.fornex.org,http://www.acidcow.com/
46.45.157.28,server-46.45.157.28.as42926.net,http://www.gamyun.net/images/button_aramayiBaslat.gif
209.114.36.113,209-114-36-113.static.cloud-ips.com,http://www.auto-price-finder.com/images/lightview/inner_slideshow_stop.png
64.136.53.43,www.vgs.atg.untd.com,http://www.mybluelight.com/static/start/view/common/css/global-n.css
113.36.35.51,113x36x35x51.ap113.ftth.ucom.ne.jp,http://www.chip.jp/pc/images/entry1.gif
198.232.124.225,225-124-232-198.static.unitasglobal.net,http://css.buxr.com/frontend.css
67.202.120.209,ip209.67-202-120.static.steadfastdns.net,http://www.imagebam.com/img/icons/star.png
46.45.157.28,server-46.45.157.28.as42926.net,http://www.gamyun.net/images/bottom_blue.gif
60.199.243.35,60-199-243-35.static.tfn.net.tw,http://www.ruten.com.tw/image/default/ci/pay-01.gif
204.155.154.235,ns2.inxycdn.host,http://www.artnudegalleries.com/images/02.jpg
209.190.30.231,209-190-30-231.xlhdns.com,http://www.phpnuke.ir/images/CZUser/group.gif
173.205.11.206,web01.casalemedia.com,http://www.optmd.com/
5.9.107.19,alpha.server-guards.de,http://www.bplaced.net/gfx/arrow_b.gif
162.243.247.185,fun4s.com,http://www.chilloutpoint.com/wp-content/plugins/featured-content-gallery/css/img/loading-bar-black.gif
218.29.186.68,hn.kd.ny.adsl,http://www.dedecms.com/topmenu/images/menu_bg.gif
218.29.186.68,hn.kd.ny.adsl,http://www.dedecms.com/topmenu/images/menu_bg.gif
5.9.107.19,alpha.server-guards.de,http://www.bplaced.net/gfx/arrow_b.gif
164.44.64.195,vcbesq.com,http://www.chubb.com/common/images/tn_at_chubb.gif
174.35.52.184,i1-h0-s4004.p9-jfk.cdngp.net,http://imgcache.qq.com/ac/www_tencent/zh-cn/images/menu/submenu/ir/hover/menu-ir-09.png
65.182.186.180,nc.groundvc.com,http://www.theamazingwidget.com/images/clickbankproof.png
170.153.222.129,static-170-153-222-129.ceridian.com,http://www.recruitingcenter.net/
206.222.179.208,206-222-179-208.fwd.datafoundry.com,http://www.vacationstogo.com/
206.222.9.116,206-222-9-116.xlhdns.com,http://www.chat4support.com/images/box_blue_bottom.png
46.45.157.28,server-46.45.157.28.as42926.net,http://www.gamyun.net/images/bottom_green.gif
46.236.16.243,46-236-16-243.servers.dedipower.net,http://www.tweetmeme.com/
199.204.46.59,hollin.notebookswap.com,http://www.genieknows.com/wp-content/themes/GenieKnows/images/separator2.gif
212.83.161.211,212-83-161-211.rev.poneytelecom.eu,http://www.netavenir.com/
205.173.100.34,205-173-100-34.isgnoc.net,http://www.our365.com/
69.175.51.146,server.iqwareinc.com,http://www.iqrez.com/
134.159.210.120,unknown.telstraglobal.net,http://js.tongji.linezing.com/icon1.gif
134.159.210.110,unknown.telstraglobal.net,http://js.tongji.linezing.com/icon1.gif
134.159.210.110,unknown.telstraglobal.net,http://js.tongji.linezing.com/icon1.gif
134.159.210.120,unknown.telstraglobal.net,http://js.tongji.linezing.com/icon1.gif
134.159.210.110,unknown.telstraglobal.net,http://js.tongji.linezing.com/icon1.gif
134.159.210.110,unknown.telstraglobal.net,http://js.tongji.linezing.com/icon1.gif
134.159.210.120,unknown.telstraglobal.net,http://js.tongji.linezing.com/icon1.gif
134.159.210.120,unknown.telstraglobal.net,http://js.tongji.linezing.com/icon1.gif
134.159.210.120,unknown.telstraglobal.net,http://js.tongji.linezing.com/icon1.gif
134.159.210.110,unknown.telstraglobal.net,http://js.tongji.linezing.com/icon1.gif
134.159.210.120,unknown.telstraglobal.net,http://js.tongji.linezing.com/icon1.gif
134.159.210.120,unknown.telstraglobal.net,http://js.tongji.linezing.com/icon1.gif
134.159.210.120,unknown.telstraglobal.net,http://js.tongji.linezing.com/icon1.gif
134.159.210.110,unknown.telstraglobal.net,http://js.tongji.linezing.com/icon1.gif
134.159.210.110,unknown.telstraglobal.net,http://js.tongji.linezing.com/icon1.gif
134.159.210.110,unknown.telstraglobal.net,http://js.tongji.linezing.com/icon1.gif
134.159.210.110,unknown.telstraglobal.net,http://js.tongji.linezing.com/icon1.gif
134.159.210.110,unknown.telstraglobal.net,http://js.tongji.linezing.com/icon1.gif
134.159.210.110,unknown.telstraglobal.net,http://js.tongji.linezing.com/icon1.gif
134.159.210.110,unknown.telstraglobal.net,http://js.tongji.linezing.com/icon1.gif
134.159.210.120,unknown.telstraglobal.net,http://js.tongji.linezing.com/icon1.gif
134.159.210.110,unknown.telstraglobal.net,http://js.tongji.linezing.com/icon1.gif
134.159.210.120,unknown.telstraglobal.net,http://js.tongji.linezing.com/icon1.gif
134.159.210.120,unknown.telstraglobal.net,http://js.tongji.linezing.com/icon1.gif
134.159.210.120,unknown.telstraglobal.net,http://js.tongji.linezing.com/icon1.gif
134.159.210.110,unknown.telstraglobal.net,http://js.tongji.linezing.com/icon1.gif
134.159.210.120,unknown.telstraglobal.net,http://js.tongji.linezing.com/icon1.gif
134.159.210.120,unknown.telstraglobal.net,http://js.tongji.linezing.com/icon1.gif
134.159.210.120,unknown.telstraglobal.net,http://js.tongji.linezing.com/icon1.gif
134.159.210.120,unknown.telstraglobal.net,http://js.tongji.linezing.com/icon1.gif
134.159.210.110,unknown.telstraglobal.net,http://js.tongji.linezing.com/icon1.gif
134.159.210.120,unknown.telstraglobal.net,http://js.tongji.linezing.com/icon1.gif
134.159.210.110,unknown.telstraglobal.net,http://js.tongji.linezing.com/icon1.gif
134.159.210.110,unknown.telstraglobal.net,http://js.tongji.linezing.com/icon1.gif
134.159.210.110,unknown.telstraglobal.net,http://js.tongji.linezing.com/icon1.gif
134.159.210.110,unknown.telstraglobal.net,http://js.tongji.linezing.com/icon1.gif
134.159.210.110,unknown.telstraglobal.net,http://js.tongji.linezing.com/icon1.gif
134.159.210.110,unknown.telstraglobal.net,http://js.tongji.linezing.com/icon1.gif
134.159.210.110,unknown.telstraglobal.net,http://js.tongji.linezing.com/icon1.gif
134.159.210.110,unknown.telstraglobal.net,http://js.tongji.linezing.com/icon1.gif
134.159.210.110,unknown.telstraglobal.net,http://js.tongji.linezing.com/icon1.gif
134.159.210.110,unknown.telstraglobal.net,http://js.tongji.linezing.com/icon1.gif
134.159.210.120,unknown.telstraglobal.net,http://js.tongji.linezing.com/icon1.gif
134.159.210.120,unknown.telstraglobal.net,http://js.tongji.linezing.com/icon1.gif
134.159.210.120,unknown.telstraglobal.net,http://js.tongji.linezing.com/icon1.gif
134.159.210.120,unknown.telstraglobal.net,http://js.tongji.linezing.com/icon1.gif
134.159.210.120,unknown.telstraglobal.net,http://js.tongji.linezing.com/icon1.gif
134.159.210.110,unknown.telstraglobal.net,http://js.tongji.linezing.com/icon1.gif
134.159.210.120,unknown.telstraglobal.net,http://js.tongji.linezing.com/icon1.gif
134.159.210.110,unknown.telstraglobal.net,http://js.tongji.linezing.com/icon1.gif
134.159.210.110,unknown.telstraglobal.net,http://js.tongji.linezing.com/icon1.gif
134.159.210.120,unknown.telstraglobal.net,http://js.tongji.linezing.com/icon1.gif
134.159.210.110,unknown.telstraglobal.net,http://js.tongji.linezing.com/icon1.gif
205.185.216.10,map2.hwcdn.net,http://cdn-static.liverail.com/js/companions.js
205.185.216.42,map2.hwcdn.net,http://cdn-static.liverail.com/js/companions.js
205.185.216.10,map2.hwcdn.net,http://cdn-static.liverail.com/js/companions.js
205.185.216.42,map2.hwcdn.net,http://cdn-static.liverail.com/js/companions.js
205.185.216.10,map2.hwcdn.net,http://cdn-static.liverail.com/js/companions.js
205.185.216.42,map2.hwcdn.net,http://cdn-static.liverail.com/js/companions.js
205.185.216.10,map2.hwcdn.net,http://cdn-static.liverail.com/js/companions.js
205.185.216.10,map2.hwcdn.net,http://cdn-static.liverail.com/js/companions.js
205.185.216.42,map2.hwcdn.net,http://cdn-static.liverail.com/js/companions.js
205.185.216.10,map2.hwcdn.net,http://cdn-static.liverail.com/js/companions.js
205.185.216.42,map2.hwcdn.net,http://cdn-static.liverail.com/js/companions.js
205.185.216.10,map2.hwcdn.net,http://cdn-static.liverail.com/js/companions.js
205.185.216.10,map2.hwcdn.net,http://cdn-static.liverail.com/js/companions.js
205.185.216.10,map2.hwcdn.net,http://cdn-static.liverail.com/js/companions.js
205.185.216.10,map2.hwcdn.net,http://cdn-static.liverail.com/js/companions.js
205.185.216.42,map2.hwcdn.net,http://cdn-static.liverail.com/js/companions.js
205.185.216.42,map2.hwcdn.net,http://cdn-static.liverail.com/js/companions.js
205.185.216.42,map2.hwcdn.net,http://cdn-static.liverail.com/js/companions.js
205.185.216.42,map2.hwcdn.net,http://cdn-static.liverail.com/js/companions.js
205.185.216.42,map2.hwcdn.net,http://cdn-static.liverail.com/js/companions.js
205.185.216.10,map2.hwcdn.net,http://cdn-static.liverail.com/js/companions.js
205.185.216.10,map2.hwcdn.net,http://cdn-static.liverail.com/js/companions.js
205.185.216.42,map2.hwcdn.net,http://cdn-static.liverail.com/js/companions.js
205.185.216.10,map2.hwcdn.net,http://cdn-static.liverail.com/js/companions.js
205.185.216.42,map2.hwcdn.net,http://cdn-static.liverail.com/js/companions.js
205.185.216.10,map2.hwcdn.net,http://cdn-static.liverail.com/js/companions.js
205.185.216.10,map2.hwcdn.net,http://cdn-static.liverail.com/js/companions.js
205.185.216.10,map2.hwcdn.net,http://cdn-static.liverail.com/js/companions.js
205.185.216.42,map2.hwcdn.net,http://cdn-static.liverail.com/js/companions.js
205.185.216.10,map2.hwcdn.net,http://cdn-static.liverail.com/js/companions.js
205.185.216.10,map2.hwcdn.net,http://cdn-static.liverail.com/js/companions.js
205.185.216.42,map2.hwcdn.net,http://cdn-static.liverail.com/js/companions.js
205.185.216.42,map2.hwcdn.net,http://cdn-static.liverail.com/js/companions.js
205.185.216.10,map2.hwcdn.net,http://cdn-static.liverail.com/js/companions.js
205.185.216.42,map2.hwcdn.net,http://cdn-static.liverail.com/js/companions.js
205.185.216.42,map2.hwcdn.net,http://cdn-static.liverail.com/js/companions.js
205.185.216.10,map2.hwcdn.net,http://cdn-static.liverail.com/js/companions.js
205.185.216.42,map2.hwcdn.net,http://cdn-static.liverail.com/js/companions.js
205.185.216.10,map2.hwcdn.net,http://cdn-static.liverail.com/js/companions.js
205.185.216.42,map2.hwcdn.net,http://cdn-static.liverail.com/js/companions.js
205.185.216.42,map2.hwcdn.net,http://cdn-static.liverail.com/js/companions.js
205.185.216.42,map2.hwcdn.net,http://cdn-static.liverail.com/js/companions.js
205.185.216.10,map2.hwcdn.net,http://cdn-static.liverail.com/js/companions.js
205.185.216.42,map2.hwcdn.net,http://cdn-static.liverail.com/js/companions.js
205.185.216.42,map2.hwcdn.net,http://cdn-static.liverail.com/js/companions.js
205.185.216.10,map2.hwcdn.net,http://cdn-static.liverail.com/js/companions.js
205.185.216.10,map2.hwcdn.net,http://cdn-static.liverail.com/js/companions.js
205.185.216.10,map2.hwcdn.net,http://cdn-static.liverail.com/js/companions.js
205.185.216.42,map2.hwcdn.net,http://cdn-static.liverail.com/js/companions.js
205.185.216.10,map2.hwcdn.net,http://cdn-static.liverail.com/js/companions.js
205.185.216.10,map2.hwcdn.net,http://cdn-static.liverail.com/js/companions.js
205.185.216.10,map2.hwcdn.net,http://cdn-static.liverail.com/js/companions.js
205.185.216.10,map2.hwcdn.net,http://cdn-static.liverail.com/js/companions.js
205.185.216.10,map2.hwcdn.net,http://cdn-static.liverail.com/js/companions.js
205.185.216.10,map2.hwcdn.net,http://cdn-static.liverail.com/js/companions.js
205.185.216.10,map2.hwcdn.net,http://cdn-static.liverail.com/js/companions.js
205.185.216.10,map2.hwcdn.net,http://cdn-static.liverail.com/js/companions.js
205.185.216.42,map2.hwcdn.net,http://cdn-static.liverail.com/js/companions.js
205.185.216.42,map2.hwcdn.net,http://cdn-static.liverail.com/js/companions.js
205.185.216.42,map2.hwcdn.net,http://cdn-static.liverail.com/js/companions.js
205.185.216.10,map2.hwcdn.net,http://cdn-static.liverail.com/js/companions.js
205.185.216.42,map2.hwcdn.net,http://cdn-static.liverail.com/js/companions.js
205.185.216.10,map2.hwcdn.net,http://cdn-static.liverail.com/js/companions.js
205.185.216.10,map2.hwcdn.net,http://cdn-static.liverail.com/js/companions.js
205.185.216.10,map2.hwcdn.net,http://cdn-static.liverail.com/js/companions.js
205.185.216.42,map2.hwcdn.net,http://cdn-static.liverail.com/js/companions.js
205.185.216.42,map2.hwcdn.net,http://cdn-static.liverail.com/js/companions.js
205.185.216.42,map2.hwcdn.net,http://cdn-static.liverail.com/js/companions.js
205.185.216.10,map2.hwcdn.net,http://cdn-static.liverail.com/js/companions.js
205.185.216.10,map2.hwcdn.net,http://cdn-static.liverail.com/js/companions.js
205.185.216.10,map2.hwcdn.net,http://cdn-static.liverail.com/js/companions.js
205.185.216.10,map2.hwcdn.net,http://cdn-static.liverail.com/js/companions.js
205.185.216.42,map2.hwcdn.net,http://cdn-static.liverail.com/js/companions.js
205.185.216.10,map2.hwcdn.net,http://cdn-static.liverail.com/js/companions.js
205.185.216.10,map2.hwcdn.net,http://cdn-static.liverail.com/js/companions.js
205.185.216.42,map2.hwcdn.net,http://cdn-static.liverail.com/js/companions.js
205.185.216.10,map2.hwcdn.net,http://cdn-static.liverail.com/js/companions.js
205.185.216.42,map2.hwcdn.net,http://cdn-static.liverail.com/js/companions.js
205.185.216.10,map2.hwcdn.net,http://cdn-static.liverail.com/js/companions.js
205.185.216.42,map2.hwcdn.net,http://cdn-static.liverail.com/js/companions.js
205.185.216.10,map2.hwcdn.net,http://cdn-static.liverail.com/js/companions.js
205.185.216.10,map2.hwcdn.net,http://cdn-static.liverail.com/js/companions.js
205.185.216.42,map2.hwcdn.net,http://cdn-static.liverail.com/js/companions.js
205.185.216.10,map2.hwcdn.net,http://cdn-static.liverail.com/js/companions.js
205.185.216.42,map2.hwcdn.net,http://cdn-static.liverail.com/js/companions.js
205.185.216.10,map2.hwcdn.net,http://cdn-static.liverail.com/js/companions.js
205.185.216.10,map2.hwcdn.net,http://cdn-static.liverail.com/js/companions.js
205.185.216.10,map2.hwcdn.net,http://cdn-static.liverail.com/js/companions.js
205.185.216.10,map2.hwcdn.net,http://cdn-static.liverail.com/js/companions.js
205.185.216.42,map2.hwcdn.net,http://cdn-static.liverail.com/js/companions.js
205.185.216.42,map2.hwcdn.net,http://cdn-static.liverail.com/js/companions.js
205.185.216.42,map2.hwcdn.net,http://cdn-static.liverail.com/js/companions.js
205.185.216.42,map2.hwcdn.net,http://cdn-static.liverail.com/js/companions.js
205.185.216.42,map2.hwcdn.net,http://cdn-static.liverail.com/js/companions.js
205.185.216.10,map2.hwcdn.net,http://cdn-static.liverail.com/js/companions.js
205.185.216.10,map2.hwcdn.net,http://cdn-static.liverail.com/js/companions.js
205.185.216.42,map2.hwcdn.net,http://cdn-static.liverail.com/js/companions.js
205.185.216.10,map2.hwcdn.net,http://cdn-static.liverail.com/js/companions.js
205.185.216.42,map2.hwcdn.net,http://cdn-static.liverail.com/js/companions.js
205.185.216.10,map2.hwcdn.net,http://cdn-static.liverail.com/js/companions.js
205.185.216.10,map2.hwcdn.net,http://cdn-static.liverail.com/js/companions.js
205.185.216.10,map2.hwcdn.net,http://cdn-static.liverail.com/js/companions.js
205.185.216.42,map2.hwcdn.net,http://cdn-static.liverail.com/js/companions.js
205.185.216.10,map2.hwcdn.net,http://cdn-static.liverail.com/js/companions.js
205.185.216.10,map2.hwcdn.net,http://cdn-static.liverail.com/js/companions.js
205.185.216.42,map2.hwcdn.net,http://cdn-static.liverail.com/js/companions.js
205.185.216.42,map2.hwcdn.net,http://cdn-static.liverail.com/js/companions.js
205.185.216.10,map2.hwcdn.net,http://cdn-static.liverail.com/js/companions.js
205.185.216.42,map2.hwcdn.net,http://cdn-static.liverail.com/js/companions.js
205.185.216.42,map2.hwcdn.net,http://cdn-static.liverail.com/js/companions.js
205.185.216.10,map2.hwcdn.net,http://cdn-static.liverail.com/js/companions.js
205.185.216.42,map2.hwcdn.net,http://cdn-static.liverail.com/js/companions.js
205.185.216.10,map2.hwcdn.net,http://cdn-static.liverail.com/js/companions.js
205.185.216.42,map2.hwcdn.net,http://cdn-static.liverail.com/js/companions.js
205.185.216.42,map2.hwcdn.net,http://cdn-static.liverail.com/js/companions.js
205.185.216.42,map2.hwcdn.net,http://cdn-static.liverail.com/js/companions.js
205.185.216.10,map2.hwcdn.net,http://cdn-static.liverail.com/js/companions.js
205.185.216.42,map2.hwcdn.net,http://cdn-static.liverail.com/js/companions.js
205.185.216.42,map2.hwcdn.net,http://cdn-static.liverail.com/js/companions.js
205.185.216.10,map2.hwcdn.net,http://cdn-static.liverail.com/js/companions.js
205.185.216.10,map2.hwcdn.net,http://cdn-static.liverail.com/js/companions.js
205.185.216.10,map2.hwcdn.net,http://cdn-static.liverail.com/js/companions.js
205.185.216.42,map2.hwcdn.net,http://cdn-static.liverail.com/js/companions.js
205.185.216.10,map2.hwcdn.net,http://cdn-static.liverail.com/js/companions.js
205.185.216.10,map2.hwcdn.net,http://cdn-static.liverail.com/js/companions.js
205.185.216.10,map2.hwcdn.net,http://cdn-static.liverail.com/js/companions.js
205.185.216.10,map2.hwcdn.net,http://cdn-static.liverail.com/js/companions.js
205.185.216.10,map2.hwcdn.net,http://cdn-static.liverail.com/js/companions.js
205.185.216.10,map2.hwcdn.net,http://cdn-static.liverail.com/js/companions.js
205.185.216.10,map2.hwcdn.net,http://cdn-static.liverail.com/js/companions.js
205.185.216.10,map2.hwcdn.net,http://cdn-static.liverail.com/js/companions.js
205.185.216.42,map2.hwcdn.net,http://cdn-static.liverail.com/js/companions.js
205.185.216.42,map2.hwcdn.net,http://cdn-static.liverail.com/js/companions.js
205.185.216.42,map2.hwcdn.net,http://cdn-static.liverail.com/js/companions.js
205.185.216.10,map2.hwcdn.net,http://cdn-static.liverail.com/js/companions.js
205.185.216.42,map2.hwcdn.net,http://cdn-static.liverail.com/js/companions.js
205.185.216.10,map2.hwcdn.net,http://cdn-static.liverail.com/js/companions.js
205.185.216.10,map2.hwcdn.net,http://cdn-static.liverail.com/js/companions.js
205.185.216.10,map2.hwcdn.net,http://cdn-static.liverail.com/js/companions.js
205.185.216.42,map2.hwcdn.net,http://cdn-static.liverail.com/js/companions.js
205.185.216.42,map2.hwcdn.net,http://cdn-static.liverail.com/js/companions.js
205.185.216.42,map2.hwcdn.net,http://cdn-static.liverail.com/js/companions.js
205.185.216.10,map2.hwcdn.net,http://cdn-static.liverail.com/js/companions.js
205.185.216.10,map2.hwcdn.net,http://cdn-static.liverail.com/js/companions.js
205.185.216.10,map2.hwcdn.net,http://cdn-static.liverail.com/js/companions.js
205.185.216.10,map2.hwcdn.net,http://cdn-static.liverail.com/js/companions.js
205.185.216.42,map2.hwcdn.net,http://cdn-static.liverail.com/js/companions.js
205.185.216.10,map2.hwcdn.net,http://cdn-static.liverail.com/js/companions.js
134.159.210.120,unknown.telstraglobal.net,http://js.tongji.linezing.com/icon1.gif
134.159.210.110,unknown.telstraglobal.net,http://js.tongji.linezing.com/icon1.gif
134.159.210.110,unknown.telstraglobal.net,http://js.tongji.linezing.com/icon1.gif
134.159.210.120,unknown.telstraglobal.net,http://js.tongji.linezing.com/icon1.gif
134.159.210.110,unknown.telstraglobal.net,http://js.tongji.linezing.com/icon1.gif
134.159.210.110,unknown.telstraglobal.net,http://js.tongji.linezing.com/icon1.gif
134.159.210.120,unknown.telstraglobal.net,http://js.tongji.linezing.com/icon1.gif
134.159.210.120,unknown.telstraglobal.net,http://js.tongji.linezing.com/icon1.gif
134.159.210.120,unknown.telstraglobal.net,http://js.tongji.linezing.com/icon1.gif
134.159.210.110,unknown.telstraglobal.net,http://js.tongji.linezing.com/icon1.gif
134.159.210.120,unknown.telstraglobal.net,http://js.tongji.linezing.com/icon1.gif
134.159.210.120,unknown.telstraglobal.net,http://js.tongji.linezing.com/icon1.gif
134.159.210.120,unknown.telstraglobal.net,http://js.tongji.linezing.com/icon1.gif
134.159.210.110,unknown.telstraglobal.net,http://js.tongji.linezing.com/icon1.gif
134.159.210.110,unknown.telstraglobal.net,http://js.tongji.linezing.com/icon1.gif
134.159.210.110,unknown.telstraglobal.net,http://js.tongji.linezing.com/icon1.gif
134.159.210.110,unknown.telstraglobal.net,http://js.tongji.linezing.com/icon1.gif
134.159.210.110,unknown.telstraglobal.net,http://js.tongji.linezing.com/icon1.gif
134.159.210.110,unknown.telstraglobal.net,http://js.tongji.linezing.com/icon1.gif
134.159.210.110,unknown.telstraglobal.net,http://js.tongji.linezing.com/icon1.gif
134.159.210.120,unknown.telstraglobal.net,http://js.tongji.linezing.com/icon1.gif
134.159.210.110,unknown.telstraglobal.net,http://js.tongji.linezing.com/icon1.gif
134.159.210.120,unknown.telstraglobal.net,http://js.tongji.linezing.com/icon1.gif
134.159.210.120,unknown.telstraglobal.net,http://js.tongji.linezing.com/icon1.gif
134.159.210.120,unknown.telstraglobal.net,http://js.tongji.linezing.com/icon1.gif
134.159.210.110,unknown.telstraglobal.net,http://js.tongji.linezing.com/icon1.gif
134.159.210.120,unknown.telstraglobal.net,http://js.tongji.linezing.com/icon1.gif
134.159.210.120,unknown.telstraglobal.net,http://js.tongji.linezing.com/icon1.gif
134.159.210.120,unknown.telstraglobal.net,http://js.tongji.linezing.com/icon1.gif
134.159.210.120,unknown.telstraglobal.net,http://js.tongji.linezing.com/icon1.gif
134.159.210.110,unknown.telstraglobal.net,http://js.tongji.linezing.com/icon1.gif
134.159.210.120,unknown.telstraglobal.net,http://js.tongji.linezing.com/icon1.gif
134.159.210.110,unknown.telstraglobal.net,http://js.tongji.linezing.com/icon1.gif
134.159.210.110,unknown.telstraglobal.net,http://js.tongji.linezing.com/icon1.gif
134.159.210.110,unknown.telstraglobal.net,http://js.tongji.linezing.com/icon1.gif
134.159.210.110,unknown.telstraglobal.net,http://js.tongji.linezing.com/icon1.gif
134.159.210.110,unknown.telstraglobal.net,http://js.tongji.linezing.com/icon1.gif
134.159.210.110,unknown.telstraglobal.net,http://js.tongji.linezing.com/icon1.gif
134.159.210.110,unknown.telstraglobal.net,http://js.tongji.linezing.com/icon1.gif
134.159.210.110,unknown.telstraglobal.net,http://js.tongji.linezing.com/icon1.gif
134.159.210.110,unknown.telstraglobal.net,http://js.tongji.linezing.com/icon1.gif
134.159.210.110,unknown.telstraglobal.net,http://js.tongji.linezing.com/icon1.gif
134.159.210.120,unknown.telstraglobal.net,http://js.tongji.linezing.com/icon1.gif
134.159.210.120,unknown.telstraglobal.net,http://js.tongji.linezing.com/icon1.gif
134.159.210.120,unknown.telstraglobal.net,http://js.tongji.linezing.com/icon1.gif
134.159.210.120,unknown.telstraglobal.net,http://js.tongji.linezing.com/icon1.gif
134.159.210.120,unknown.telstraglobal.net,http://js.tongji.linezing.com/icon1.gif
134.159.210.110,unknown.telstraglobal.net,http://js.tongji.linezing.com/icon1.gif
134.159.210.120,unknown.telstraglobal.net,http://js.tongji.linezing.com/icon1.gif
134.159.210.110,unknown.telstraglobal.net,http://js.tongji.linezing.com/icon1.gif
134.159.210.110,unknown.telstraglobal.net,http://js.tongji.linezing.com/icon1.gif
134.159.210.120,unknown.telstraglobal.net,http://js.tongji.linezing.com/icon1.gif
134.159.210.110,unknown.telstraglobal.net,http://js.tongji.linezing.com/icon1.gif
134.159.210.120,unknown.telstraglobal.net,http://js.tongji.linezing.com/icon1.gif
134.159.210.110,unknown.telstraglobal.net,http://js.tongji.linezing.com/icon1.gif
134.159.210.110,unknown.telstraglobal.net,http://js.tongji.linezing.com/icon1.gif
134.159.210.120,unknown.telstraglobal.net,http://js.tongji.linezing.com/icon1.gif
134.159.210.110,unknown.telstraglobal.net,http://js.tongji.linezing.com/icon1.gif
134.159.210.110,unknown.telstraglobal.net,http://js.tongji.linezing.com/icon1.gif
134.159.210.120,unknown.telstraglobal.net,http://js.tongji.linezing.com/icon1.gif
134.159.210.120,unknown.telstraglobal.net,http://js.tongji.linezing.com/icon1.gif
134.159.210.120,unknown.telstraglobal.net,http://js.tongji.linezing.com/icon1.gif
134.159.210.110,unknown.telstraglobal.net,http://js.tongji.linezing.com/icon1.gif
134.159.210.120,unknown.telstraglobal.net,http://js.tongji.linezing.com/icon1.gif
134.159.210.120,unknown.telstraglobal.net,http://js.tongji.linezing.com/icon1.gif
134.159.210.120,unknown.telstraglobal.net,http://js.tongji.linezing.com/icon1.gif
134.159.210.110,unknown.telstraglobal.net,http://js.tongji.linezing.com/icon1.gif
134.159.210.110,unknown.telstraglobal.net,http://js.tongji.linezing.com/icon1.gif
134.159.210.110,unknown.telstraglobal.net,http://js.tongji.linezing.com/icon1.gif
134.159.210.110,unknown.telstraglobal.net,http://js.tongji.linezing.com/icon1.gif
134.159.210.110,unknown.telstraglobal.net,http://js.tongji.linezing.com/icon1.gif
134.159.210.110,unknown.telstraglobal.net,http://js.tongji.linezing.com/icon1.gif
134.159.210.110,unknown.telstraglobal.net,http://js.tongji.linezing.com/icon1.gif
134.159.210.120,unknown.telstraglobal.net,http://js.tongji.linezing.com/icon1.gif
134.159.210.110,unknown.telstraglobal.net,http://js.tongji.linezing.com/icon1.gif
134.159.210.120,unknown.telstraglobal.net,http://js.tongji.linezing.com/icon1.gif
134.159.210.120,unknown.telstraglobal.net,http://js.tongji.linezing.com/icon1.gif
134.159.210.120,unknown.telstraglobal.net,http://js.tongji.linezing.com/icon1.gif
134.159.210.110,unknown.telstraglobal.net,http://js.tongji.linezing.com/icon1.gif
134.159.210.120,unknown.telstraglobal.net,http://js.tongji.linezing.com/icon1.gif
134.159.210.120,unknown.telstraglobal.net,http://js.tongji.linezing.com/icon1.gif
134.159.210.120,unknown.telstraglobal.net,http://js.tongji.linezing.com/icon1.gif
134.159.210.120,unknown.telstraglobal.net,http://js.tongji.linezing.com/icon1.gif
134.159.210.110,unknown.telstraglobal.net,http://js.tongji.linezing.com/icon1.gif
134.159.210.120,unknown.telstraglobal.net,http://js.tongji.linezing.com/icon1.gif
134.159.210.110,unknown.telstraglobal.net,http://js.tongji.linezing.com/icon1.gif
134.159.210.110,unknown.telstraglobal.net,http://js.tongji.linezing.com/icon1.gif
134.159.210.110,unknown.telstraglobal.net,http://js.tongji.linezing.com/icon1.gif
134.159.210.110,unknown.telstraglobal.net,http://js.tongji.linezing.com/icon1.gif
134.159.210.110,unknown.telstraglobal.net,http://js.tongji.linezing.com/icon1.gif
134.159.210.110,unknown.telstraglobal.net,http://js.tongji.linezing.com/icon1.gif
134.159.210.110,unknown.telstraglobal.net,http://js.tongji.linezing.com/icon1.gif
134.159.210.110,unknown.telstraglobal.net,http://js.tongji.linezing.com/icon1.gif
134.159.210.110,unknown.telstraglobal.net,http://js.tongji.linezing.com/icon1.gif
134.159.210.110,unknown.telstraglobal.net,http://js.tongji.linezing.com/icon1.gif
134.159.210.120,unknown.telstraglobal.net,http://js.tongji.linezing.com/icon1.gif
134.159.210.120,unknown.telstraglobal.net,http://js.tongji.linezing.com/icon1.gif
134.159.210.120,unknown.telstraglobal.net,http://js.tongji.linezing.com/icon1.gif
134.159.210.120,unknown.telstraglobal.net,http://js.tongji.linezing.com/icon1.gif
134.159.210.120,unknown.telstraglobal.net,http://js.tongji.linezing.com/icon1.gif
134.159.210.110,unknown.telstraglobal.net,http://js.tongji.linezing.com/icon1.gif
134.159.210.120,unknown.telstraglobal.net,http://js.tongji.linezing.com/icon1.gif
134.159.210.110,unknown.telstraglobal.net,http://js.tongji.linezing.com/icon1.gif
134.159.210.110,unknown.telstraglobal.net,http://js.tongji.linezing.com/icon1.gif
134.159.210.120,unknown.telstraglobal.net,http://js.tongji.linezing.com/icon1.gif
134.159.210.110,unknown.telstraglobal.net,http://js.tongji.linezing.com/icon1.gif
205.185.216.10,map2.hwcdn.net,http://cdn-static.liverail.com/js/companions.js
205.185.216.42,map2.hwcdn.net,http://cdn-static.liverail.com/js/companions.js
205.185.216.10,map2.hwcdn.net,http://cdn-static.liverail.com/js/companions.js
205.185.216.42,map2.hwcdn.net,http://cdn-static.liverail.com/js/companions.js
205.185.216.10,map2.hwcdn.net,http://cdn-static.liverail.com/js/companions.js
205.185.216.42,map2.hwcdn.net,http://cdn-static.liverail.com/js/companions.js
205.185.216.10,map2.hwcdn.net,http://cdn-static.liverail.com/js/companions.js
205.185.216.10,map2.hwcdn.net,http://cdn-static.liverail.com/js/companions.js
205.185.216.42,map2.hwcdn.net,http://cdn-static.liverail.com/js/companions.js
205.185.216.10,map2.hwcdn.net,http://cdn-static.liverail.com/js/companions.js
205.185.216.42,map2.hwcdn.net,http://cdn-static.liverail.com/js/companions.js
205.185.216.10,map2.hwcdn.net,http://cdn-static.liverail.com/js/companions.js
205.185.216.10,map2.hwcdn.net,http://cdn-static.liverail.com/js/companions.js
205.185.216.10,map2.hwcdn.net,http://cdn-static.liverail.com/js/companions.js
205.185.216.10,map2.hwcdn.net,http://cdn-static.liverail.com/js/companions.js
205.185.216.42,map2.hwcdn.net,http://cdn-static.liverail.com/js/companions.js
205.185.216.42,map2.hwcdn.net,http://cdn-static.liverail.com/js/companions.js
205.185.216.42,map2.hwcdn.net,http://cdn-static.liverail.com/js/companions.js
205.185.216.42,map2.hwcdn.net,http://cdn-static.liverail.com/js/companions.js
205.185.216.42,map2.hwcdn.net,http://cdn-static.liverail.com/js/companions.js
205.185.216.10,map2.hwcdn.net,http://cdn-static.liverail.com/js/companions.js
205.185.216.10,map2.hwcdn.net,http://cdn-static.liverail.com/js/companions.js
205.185.216.42,map2.hwcdn.net,http://cdn-static.liverail.com/js/companions.js
205.185.216.10,map2.hwcdn.net,http://cdn-static.liverail.com/js/companions.js
205.185.216.42,map2.hwcdn.net,http://cdn-static.liverail.com/js/companions.js
205.185.216.10,map2.hwcdn.net,http://cdn-static.liverail.com/js/companions.js
205.185.216.10,map2.hwcdn.net,http://cdn-static.liverail.com/js/companions.js
205.185.216.10,map2.hwcdn.net,http://cdn-static.liverail.com/js/companions.js
205.185.216.42,map2.hwcdn.net,http://cdn-static.liverail.com/js/companions.js
205.185.216.10,map2.hwcdn.net,http://cdn-static.liverail.com/js/companions.js
205.185.216.10,map2.hwcdn.net,http://cdn-static.liverail.com/js/companions.js
205.185.216.42,map2.hwcdn.net,http://cdn-static.liverail.com/js/companions.js
205.185.216.42,map2.hwcdn.net,http://cdn-static.liverail.com/js/companions.js
205.185.216.10,map2.hwcdn.net,http://cdn-static.liverail.com/js/companions.js
205.185.216.42,map2.hwcdn.net,http://cdn-static.liverail.com/js/companions.js
205.185.216.42,map2.hwcdn.net,http://cdn-static.liverail.com/js/companions.js
205.185.216.10,map2.hwcdn.net,http://cdn-static.liverail.com/js/companions.js
205.185.216.42,map2.hwcdn.net,http://cdn-static.liverail.com/js/companions.js
205.185.216.10,map2.hwcdn.net,http://cdn-static.liverail.com/js/companions.js
205.185.216.42,map2.hwcdn.net,http://cdn-static.liverail.com/js/companions.js
205.185.216.42,map2.hwcdn.net,http://cdn-static.liverail.com/js/companions.js
205.185.216.42,map2.hwcdn.net,http://cdn-static.liverail.com/js/companions.js
205.185.216.10,map2.hwcdn.net,http://cdn-static.liverail.com/js/companions.js
205.185.216.42,map2.hwcdn.net,http://cdn-static.liverail.com/js/companions.js
205.185.216.42,map2.hwcdn.net,http://cdn-static.liverail.com/js/companions.js
205.185.216.10,map2.hwcdn.net,http://cdn-static.liverail.com/js/companions.js
205.185.216.10,map2.hwcdn.net,http://cdn-static.liverail.com/js/companions.js
205.185.216.10,map2.hwcdn.net,http://cdn-static.liverail.com/js/companions.js
205.185.216.42,map2.hwcdn.net,http://cdn-static.liverail.com/js/companions.js
205.185.216.10,map2.hwcdn.net,http://cdn-static.liverail.com/js/companions.js
205.185.216.10,map2.hwcdn.net,http://cdn-static.liverail.com/js/companions.js
205.185.216.10,map2.hwcdn.net,http://cdn-static.liverail.com/js/companions.js
205.185.216.10,map2.hwcdn.net,http://cdn-static.liverail.com/js/companions.js
205.185.216.10,map2.hwcdn.net,http://cdn-static.liverail.com/js/companions.js
205.185.216.10,map2.hwcdn.net,http://cdn-static.liverail.com/js/companions.js
205.185.216.10,map2.hwcdn.net,http://cdn-static.liverail.com/js/companions.js
205.185.216.10,map2.hwcdn.net,http://cdn-static.liverail.com/js/companions.js
205.185.216.42,map2.hwcdn.net,http://cdn-static.liverail.com/js/companions.js
205.185.216.42,map2.hwcdn.net,http://cdn-static.liverail.com/js/companions.js
205.185.216.42,map2.hwcdn.net,http://cdn-static.liverail.com/js/companions.js
205.185.216.10,map2.hwcdn.net,http://cdn-static.liverail.com/js/companions.js
205.185.216.42,map2.hwcdn.net,http://cdn-static.liverail.com/js/companions.js
205.185.216.10,map2.hwcdn.net,http://cdn-static.liverail.com/js/companions.js
205.185.216.10,map2.hwcdn.net,http://cdn-static.liverail.com/js/companions.js
205.185.216.10,map2.hwcdn.net,http://cdn-static.liverail.com/js/companions.js
205.185.216.42,map2.hwcdn.net,http://cdn-static.liverail.com/js/companions.js
205.185.216.42,map2.hwcdn.net,http://cdn-static.liverail.com/js/companions.js
205.185.216.42,map2.hwcdn.net,http://cdn-static.liverail.com/js/companions.js
205.185.216.10,map2.hwcdn.net,http://cdn-static.liverail.com/js/companions.js
205.185.216.10,map2.hwcdn.net,http://cdn-static.liverail.com/js/companions.js
205.185.216.10,map2.hwcdn.net,http://cdn-static.liverail.com/js/companions.js
205.185.216.10,map2.hwcdn.net,http://cdn-static.liverail.com/js/companions.js
205.185.216.42,map2.hwcdn.net,http://cdn-static.liverail.com/js/companions.js
205.185.216.10,map2.hwcdn.net,http://cdn-static.liverail.com/js/companions.js
216.156.211.41,216.156.211.41.ptr.us.xo.net,http://download.skype.com/share/skypebuttons/js/skypeCheck.js
72.165.119.35,72-165-119-35.dia.static.qwest.net,http://download.skype.com/share/skypebuttons/js/skypeCheck.js
216.156.211.35,216.156.211.35.ptr.us.xo.net,http://download.skype.com/share/skypebuttons/js/skypeCheck.js
216.156.211.35,216.156.211.35.ptr.us.xo.net,http://download.skype.com/share/skypebuttons/js/skypeCheck.js
63.150.12.51,63-150-12-51.dia.static.qwest.net,http://download.skype.com/share/skypebuttons/js/skypeCheck.js
63.233.60.91,63-233-60-91.dia.static.qwest.net,http://download.skype.com/share/skypebuttons/js/skypeCheck.js
216.156.211.41,216.156.211.41.ptr.us.xo.net,http://download.skype.com/share/skypebuttons/js/skypeCheck.js
216.156.211.35,216.156.211.35.ptr.us.xo.net,http://download.skype.com/share/skypebuttons/js/skypeCheck.js
216.156.211.41,216.156.211.41.ptr.us.xo.net,http://download.skype.com/share/skypebuttons/js/skypeCheck.js
65.118.123.160,160.123-118-65.lifemasters.com,http://download.skype.com/share/skypebuttons/js/skypeCheck.js
205.185.216.10,map2.hwcdn.net,http://cdn-static.liverail.com/js/companions.js
205.185.216.42,map2.hwcdn.net,http://cdn-static.liverail.com/js/companions.js
205.185.216.10,map2.hwcdn.net,http://cdn-static.liverail.com/js/companions.js
205.185.216.42,map2.hwcdn.net,http://cdn-static.liverail.com/js/companions.js
205.185.216.10,map2.hwcdn.net,http://cdn-static.liverail.com/js/companions.js
205.185.216.42,map2.hwcdn.net,http://cdn-static.liverail.com/js/companions.js
205.185.216.10,map2.hwcdn.net,http://cdn-static.liverail.com/js/companions.js
205.185.216.10,map2.hwcdn.net,http://cdn-static.liverail.com/js/companions.js
205.185.216.42,map2.hwcdn.net,http://cdn-static.liverail.com/js/companions.js
205.185.216.10,map2.hwcdn.net,http://cdn-static.liverail.com/js/companions.js
205.185.216.42,map2.hwcdn.net,http://cdn-static.liverail.com/js/companions.js
205.185.216.10,map2.hwcdn.net,http://cdn-static.liverail.com/js/companions.js
205.185.216.10,map2.hwcdn.net,http://cdn-static.liverail.com/js/companions.js
205.185.216.10,map2.hwcdn.net,http://cdn-static.liverail.com/js/companions.js
205.185.216.10,map2.hwcdn.net,http://cdn-static.liverail.com/js/companions.js
205.185.216.42,map2.hwcdn.net,http://cdn-static.liverail.com/js/companions.js
205.185.216.42,map2.hwcdn.net,http://cdn-static.liverail.com/js/companions.js
205.185.216.42,map2.hwcdn.net,http://cdn-static.liverail.com/js/companions.js
205.185.216.42,map2.hwcdn.net,http://cdn-static.liverail.com/js/companions.js
205.185.216.42,map2.hwcdn.net,http://cdn-static.liverail.com/js/companions.js
205.185.216.10,map2.hwcdn.net,http://cdn-static.liverail.com/js/companions.js
205.185.216.10,map2.hwcdn.net,http://cdn-static.liverail.com/js/companions.js
205.185.216.42,map2.hwcdn.net,http://cdn-static.liverail.com/js/companions.js
205.185.216.10,map2.hwcdn.net,http://cdn-static.liverail.com/js/companions.js
205.185.216.42,map2.hwcdn.net,http://cdn-static.liverail.com/js/companions.js
205.185.216.10,map2.hwcdn.net,http://cdn-static.liverail.com/js/companions.js
205.185.216.10,map2.hwcdn.net,http://cdn-static.liverail.com/js/companions.js
205.185.216.10,map2.hwcdn.net,http://cdn-static.liverail.com/js/companions.js
205.185.216.42,map2.hwcdn.net,http://cdn-static.liverail.com/js/companions.js
205.185.216.10,map2.hwcdn.net,http://cdn-static.liverail.com/js/companions.js
205.185.216.10,map2.hwcdn.net,http://cdn-static.liverail.com/js/companions.js
205.185.216.42,map2.hwcdn.net,http://cdn-static.liverail.com/js/companions.js
205.185.216.42,map2.hwcdn.net,http://cdn-static.liverail.com/js/companions.js
205.185.216.10,map2.hwcdn.net,http://cdn-static.liverail.com/js/companions.js
205.185.216.42,map2.hwcdn.net,http://cdn-static.liverail.com/js/companions.js
205.185.216.42,map2.hwcdn.net,http://cdn-static.liverail.com/js/companions.js
205.185.216.10,map2.hwcdn.net,http://cdn-static.liverail.com/js/companions.js
205.185.216.42,map2.hwcdn.net,http://cdn-static.liverail.com/js/companions.js
205.185.216.10,map2.hwcdn.net,http://cdn-static.liverail.com/js/companions.js
205.185.216.42,map2.hwcdn.net,http://cdn-static.liverail.com/js/companions.js
205.185.216.42,map2.hwcdn.net,http://cdn-static.liverail.com/js/companions.js
205.185.216.42,map2.hwcdn.net,http://cdn-static.liverail.com/js/companions.js
205.185.216.10,map2.hwcdn.net,http://cdn-static.liverail.com/js/companions.js
205.185.216.42,map2.hwcdn.net,http://cdn-static.liverail.com/js/companions.js
205.185.216.42,map2.hwcdn.net,http://cdn-static.liverail.com/js/companions.js
205.185.216.10,map2.hwcdn.net,http://cdn-static.liverail.com/js/companions.js
205.185.216.10,map2.hwcdn.net,http://cdn-static.liverail.com/js/companions.js
205.185.216.10,map2.hwcdn.net,http://cdn-static.liverail.com/js/companions.js
205.185.216.42,map2.hwcdn.net,http://cdn-static.liverail.com/js/companions.js
205.185.216.10,map2.hwcdn.net,http://cdn-static.liverail.com/js/companions.js
205.185.216.10,map2.hwcdn.net,http://cdn-static.liverail.com/js/companions.js
205.185.216.10,map2.hwcdn.net,http://cdn-static.liverail.com/js/companions.js
205.185.216.10,map2.hwcdn.net,http://cdn-static.liverail.com/js/companions.js
205.185.216.10,map2.hwcdn.net,http://cdn-static.liverail.com/js/companions.js
205.185.216.10,map2.hwcdn.net,http://cdn-static.liverail.com/js/companions.js
205.185.216.10,map2.hwcdn.net,http://cdn-static.liverail.com/js/companions.js
205.185.216.10,map2.hwcdn.net,http://cdn-static.liverail.com/js/companions.js
205.185.216.42,map2.hwcdn.net,http://cdn-static.liverail.com/js/companions.js
205.185.216.42,map2.hwcdn.net,http://cdn-static.liverail.com/js/companions.js
205.185.216.42,map2.hwcdn.net,http://cdn-static.liverail.com/js/companions.js
205.185.216.10,map2.hwcdn.net,http://cdn-static.liverail.com/js/companions.js
205.185.216.42,map2.hwcdn.net,http://cdn-static.liverail.com/js/companions.js
205.185.216.10,map2.hwcdn.net,http://cdn-static.liverail.com/js/companions.js
205.185.216.10,map2.hwcdn.net,http://cdn-static.liverail.com/js/companions.js
205.185.216.10,map2.hwcdn.net,http://cdn-static.liverail.com/js/companions.js
205.185.216.42,map2.hwcdn.net,http://cdn-static.liverail.com/js/companions.js
205.185.216.42,map2.hwcdn.net,http://cdn-static.liverail.com/js/companions.js
205.185.216.42,map2.hwcdn.net,http://cdn-static.liverail.com/js/companions.js
205.185.216.10,map2.hwcdn.net,http://cdn-static.liverail.com/js/companions.js
205.185.216.10,map2.hwcdn.net,http://cdn-static.liverail.com/js/companions.js
205.185.216.10,map2.hwcdn.net,http://cdn-static.liverail.com/js/companions.js
205.185.216.10,map2.hwcdn.net,http://cdn-static.liverail.com/js/companions.js
205.185.216.42,map2.hwcdn.net,http://cdn-static.liverail.com/js/companions.js
205.185.216.10,map2.hwcdn.net,http://cdn-static.liverail.com/js/companions.js
134.159.210.120,unknown.telstraglobal.net,http://js.tongji.linezing.com/icon1.gif
134.159.210.110,unknown.telstraglobal.net,http://js.tongji.linezing.com/icon1.gif
134.159.210.110,unknown.telstraglobal.net,http://js.tongji.linezing.com/icon1.gif
134.159.210.120,unknown.telstraglobal.net,http://js.tongji.linezing.com/icon1.gif
134.159.210.110,unknown.telstraglobal.net,http://js.tongji.linezing.com/icon1.gif
134.159.210.110,unknown.telstraglobal.net,http://js.tongji.linezing.com/icon1.gif
134.159.210.120,unknown.telstraglobal.net,http://js.tongji.linezing.com/icon1.gif
134.159.210.120,unknown.telstraglobal.net,http://js.tongji.linezing.com/icon1.gif
134.159.210.120,unknown.telstraglobal.net,http://js.tongji.linezing.com/icon1.gif
134.159.210.110,unknown.telstraglobal.net,http://js.tongji.linezing.com/icon1.gif
134.159.210.120,unknown.telstraglobal.net,http://js.tongji.linezing.com/icon1.gif
134.159.210.120,unknown.telstraglobal.net,http://js.tongji.linezing.com/icon1.gif
134.159.210.120,unknown.telstraglobal.net,http://js.tongji.linezing.com/icon1.gif
134.159.210.110,unknown.telstraglobal.net,http://js.tongji.linezing.com/icon1.gif
134.159.210.110,unknown.telstraglobal.net,http://js.tongji.linezing.com/icon1.gif
134.159.210.110,unknown.telstraglobal.net,http://js.tongji.linezing.com/icon1.gif
134.159.210.110,unknown.telstraglobal.net,http://js.tongji.linezing.com/icon1.gif
134.159.210.110,unknown.telstraglobal.net,http://js.tongji.linezing.com/icon1.gif
134.159.210.110,unknown.telstraglobal.net,http://js.tongji.linezing.com/icon1.gif
134.159.210.110,unknown.telstraglobal.net,http://js.tongji.linezing.com/icon1.gif
134.159.210.120,unknown.telstraglobal.net,http://js.tongji.linezing.com/icon1.gif
134.159.210.110,unknown.telstraglobal.net,http://js.tongji.linezing.com/icon1.gif
134.159.210.120,unknown.telstraglobal.net,http://js.tongji.linezing.com/icon1.gif
134.159.210.120,unknown.telstraglobal.net,http://js.tongji.linezing.com/icon1.gif
134.159.210.120,unknown.telstraglobal.net,http://js.tongji.linezing.com/icon1.gif
134.159.210.110,unknown.telstraglobal.net,http://js.tongji.linezing.com/icon1.gif
134.159.210.120,unknown.telstraglobal.net,http://js.tongji.linezing.com/icon1.gif
134.159.210.120,unknown.telstraglobal.net,http://js.tongji.linezing.com/icon1.gif
134.159.210.120,unknown.telstraglobal.net,http://js.tongji.linezing.com/icon1.gif
134.159.210.120,unknown.telstraglobal.net,http://js.tongji.linezing.com/icon1.gif
134.159.210.110,unknown.telstraglobal.net,http://js.tongji.linezing.com/icon1.gif
134.159.210.120,unknown.telstraglobal.net,http://js.tongji.linezing.com/icon1.gif
134.159.210.110,unknown.telstraglobal.net,http://js.tongji.linezing.com/icon1.gif
134.159.210.110,unknown.telstraglobal.net,http://js.tongji.linezing.com/icon1.gif
134.159.210.110,unknown.telstraglobal.net,http://js.tongji.linezing.com/icon1.gif
134.159.210.110,unknown.telstraglobal.net,http://js.tongji.linezing.com/icon1.gif
134.159.210.110,unknown.telstraglobal.net,http://js.tongji.linezing.com/icon1.gif
134.159.210.110,unknown.telstraglobal.net,http://js.tongji.linezing.com/icon1.gif
134.159.210.110,unknown.telstraglobal.net,http://js.tongji.linezing.com/icon1.gif
134.159.210.110,unknown.telstraglobal.net,http://js.tongji.linezing.com/icon1.gif
134.159.210.110,unknown.telstraglobal.net,http://js.tongji.linezing.com/icon1.gif
134.159.210.110,unknown.telstraglobal.net,http://js.tongji.linezing.com/icon1.gif
134.159.210.120,unknown.telstraglobal.net,http://js.tongji.linezing.com/icon1.gif
134.159.210.120,unknown.telstraglobal.net,http://js.tongji.linezing.com/icon1.gif
134.159.210.120,unknown.telstraglobal.net,http://js.tongji.linezing.com/icon1.gif
134.159.210.120,unknown.telstraglobal.net,http://js.tongji.linezing.com/icon1.gif
134.159.210.120,unknown.telstraglobal.net,http://js.tongji.linezing.com/icon1.gif
134.159.210.110,unknown.telstraglobal.net,http://js.tongji.linezing.com/icon1.gif
134.159.210.120,unknown.telstraglobal.net,http://js.tongji.linezing.com/icon1.gif
134.159.210.110,unknown.telstraglobal.net,http://js.tongji.linezing.com/icon1.gif
134.159.210.110,unknown.telstraglobal.net,http://js.tongji.linezing.com/icon1.gif
134.159.210.120,unknown.telstraglobal.net,http://js.tongji.linezing.com/icon1.gif
134.159.210.110,unknown.telstraglobal.net,http://js.tongji.linezing.com/icon1.gif
216.156.211.41,216.156.211.41.ptr.us.xo.net,http://download.skype.com/share/skypebuttons/js/skypeCheck.js
72.165.119.35,72-165-119-35.dia.static.qwest.net,http://download.skype.com/share/skypebuttons/js/skypeCheck.js
216.156.211.35,216.156.211.35.ptr.us.xo.net,http://download.skype.com/share/skypebuttons/js/skypeCheck.js
216.156.211.35,216.156.211.35.ptr.us.xo.net,http://download.skype.com/share/skypebuttons/js/skypeCheck.js
63.150.12.51,63-150-12-51.dia.static.qwest.net,http://download.skype.com/share/skypebuttons/js/skypeCheck.js
63.233.60.91,63-233-60-91.dia.static.qwest.net,http://download.skype.com/share/skypebuttons/js/skypeCheck.js
216.156.211.41,216.156.211.41.ptr.us.xo.net,http://download.skype.com/share/skypebuttons/js/skypeCheck.js
216.156.211.35,216.156.211.35.ptr.us.xo.net,http://download.skype.com/share/skypebuttons/js/skypeCheck.js
216.156.211.41,216.156.211.41.ptr.us.xo.net,http://download.skype.com/share/skypebuttons/js/skypeCheck.js
65.118.123.160,160.123-118-65.lifemasters.com,http://download.skype.com/share/skypebuttons/js/skypeCheck.js
134.159.210.120,unknown.telstraglobal.net,http://js.tongji.linezing.com/icon1.gif
134.159.210.110,unknown.telstraglobal.net,http://js.tongji.linezing.com/icon1.gif
134.159.210.110,unknown.telstraglobal.net,http://js.tongji.linezing.com/icon1.gif
134.159.210.120,unknown.telstraglobal.net,http://js.tongji.linezing.com/icon1.gif
134.159.210.110,unknown.telstraglobal.net,http://js.tongji.linezing.com/icon1.gif
134.159.210.110,unknown.telstraglobal.net,http://js.tongji.linezing.com/icon1.gif
134.159.210.120,unknown.telstraglobal.net,http://js.tongji.linezing.com/icon1.gif
134.159.210.120,unknown.telstraglobal.net,http://js.tongji.linezing.com/icon1.gif
134.159.210.120,unknown.telstraglobal.net,http://js.tongji.linezing.com/icon1.gif
134.159.210.110,unknown.telstraglobal.net,http://js.tongji.linezing.com/icon1.gif
134.159.210.120,unknown.telstraglobal.net,http://js.tongji.linezing.com/icon1.gif
134.159.210.120,unknown.telstraglobal.net,http://js.tongji.linezing.com/icon1.gif
134.159.210.120,unknown.telstraglobal.net,http://js.tongji.linezing.com/icon1.gif
134.159.210.110,unknown.telstraglobal.net,http://js.tongji.linezing.com/icon1.gif
134.159.210.110,unknown.telstraglobal.net,http://js.tongji.linezing.com/icon1.gif
134.159.210.110,unknown.telstraglobal.net,http://js.tongji.linezing.com/icon1.gif
134.159.210.110,unknown.telstraglobal.net,http://js.tongji.linezing.com/icon1.gif
134.159.210.110,unknown.telstraglobal.net,http://js.tongji.linezing.com/icon1.gif
134.159.210.110,unknown.telstraglobal.net,http://js.tongji.linezing.com/icon1.gif
134.159.210.110,unknown.telstraglobal.net,http://js.tongji.linezing.com/icon1.gif
134.159.210.120,unknown.telstraglobal.net,http://js.tongji.linezing.com/icon1.gif
134.159.210.110,unknown.telstraglobal.net,http://js.tongji.linezing.com/icon1.gif
134.159.210.120,unknown.telstraglobal.net,http://js.tongji.linezing.com/icon1.gif
134.159.210.120,unknown.telstraglobal.net,http://js.tongji.linezing.com/icon1.gif
134.159.210.120,unknown.telstraglobal.net,http://js.tongji.linezing.com/icon1.gif
134.159.210.110,unknown.telstraglobal.net,http://js.tongji.linezing.com/icon1.gif
134.159.210.120,unknown.telstraglobal.net,http://js.tongji.linezing.com/icon1.gif
134.159.210.120,unknown.telstraglobal.net,http://js.tongji.linezing.com/icon1.gif
134.159.210.120,unknown.telstraglobal.net,http://js.tongji.linezing.com/icon1.gif
134.159.210.120,unknown.telstraglobal.net,http://js.tongji.linezing.com/icon1.gif
134.159.210.110,unknown.telstraglobal.net,http://js.tongji.linezing.com/icon1.gif
134.159.210.120,unknown.telstraglobal.net,http://js.tongji.linezing.com/icon1.gif
134.159.210.110,unknown.telstraglobal.net,http://js.tongji.linezing.com/icon1.gif
134.159.210.110,unknown.telstraglobal.net,http://js.tongji.linezing.com/icon1.gif
134.159.210.110,unknown.telstraglobal.net,http://js.tongji.linezing.com/icon1.gif
134.159.210.110,unknown.telstraglobal.net,http://js.tongji.linezing.com/icon1.gif
134.159.210.110,unknown.telstraglobal.net,http://js.tongji.linezing.com/icon1.gif
134.159.210.110,unknown.telstraglobal.net,http://js.tongji.linezing.com/icon1.gif
134.159.210.110,unknown.telstraglobal.net,http://js.tongji.linezing.com/icon1.gif
134.159.210.110,unknown.telstraglobal.net,http://js.tongji.linezing.com/icon1.gif
134.159.210.110,unknown.telstraglobal.net,http://js.tongji.linezing.com/icon1.gif
134.159.210.110,unknown.telstraglobal.net,http://js.tongji.linezing.com/icon1.gif
134.159.210.120,unknown.telstraglobal.net,http://js.tongji.linezing.com/icon1.gif
134.159.210.120,unknown.telstraglobal.net,http://js.tongji.linezing.com/icon1.gif
134.159.210.120,unknown.telstraglobal.net,http://js.tongji.linezing.com/icon1.gif
134.159.210.120,unknown.telstraglobal.net,http://js.tongji.linezing.com/icon1.gif
134.159.210.120,unknown.telstraglobal.net,http://js.tongji.linezing.com/icon1.gif
134.159.210.110,unknown.telstraglobal.net,http://js.tongji.linezing.com/icon1.gif
134.159.210.120,unknown.telstraglobal.net,http://js.tongji.linezing.com/icon1.gif
134.159.210.110,unknown.telstraglobal.net,http://js.tongji.linezing.com/icon1.gif
134.159.210.110,unknown.telstraglobal.net,http://js.tongji.linezing.com/icon1.gif
134.159.210.120,unknown.telstraglobal.net,http://js.tongji.linezing.com/icon1.gif
134.159.210.110,unknown.telstraglobal.net,http://js.tongji.linezing.com/icon1.gif
216.156.211.41,216.156.211.41.ptr.us.xo.net,http://download.skype.com/share/skypebuttons/js/skypeCheck.js
72.165.119.35,72-165-119-35.dia.static.qwest.net,http://download.skype.com/share/skypebuttons/js/skypeCheck.js
216.156.211.35,216.156.211.35.ptr.us.xo.net,http://download.skype.com/share/skypebuttons/js/skypeCheck.js
216.156.211.35,216.156.211.35.ptr.us.xo.net,http://download.skype.com/share/skypebuttons/js/skypeCheck.js
63.150.12.51,63-150-12-51.dia.static.qwest.net,http://download.skype.com/share/skypebuttons/js/skypeCheck.js
63.233.60.91,63-233-60-91.dia.static.qwest.net,http://download.skype.com/share/skypebuttons/js/skypeCheck.js
216.156.211.41,216.156.211.41.ptr.us.xo.net,http://download.skype.com/share/skypebuttons/js/skypeCheck.js
216.156.211.35,216.156.211.35.ptr.us.xo.net,http://download.skype.com/share/skypebuttons/js/skypeCheck.js
216.156.211.41,216.156.211.41.ptr.us.xo.net,http://download.skype.com/share/skypebuttons/js/skypeCheck.js
65.118.123.160,160.123-118-65.lifemasters.com,http://download.skype.com/share/skypebuttons/js/skypeCheck.js
